timestamp,id,acc_x,acc_y,acc_z,gyro_x,gyro_y,gyro_z
2026-05-10 20:52:26.890,1,0.2534098,0.5050917,0.7932722,0.0,0.0,0.0
2026-05-10 20:52:26.900,2,0.1795107,0.5264985,0.9035627,0.0,0.0,0.0
2026-05-10 20:52:26.910,3,0.1795107,0.5264985,0.9035627,0.0,0.0,0.0
2026-05-10 20:52:26.920,4,0.17359328,0.5306881,0.9135627,0.0,0.0,0.0
2026-05-10 20:52:26.930,5,0.17359328,0.5306881,0.9135627,0.0,0.0,0.0
2026-05-10 20:52:26.940,6,0.17359328,0.5306881,0.9135627,0.0,0.0,0.0
2026-05-10 20:52:26.950,7,0.17359328,0.5306881,0.9135627,0.0,0.0,0.0
2026-05-10 20:52:26.960,8,0.17359328,0.5306881,0.9135627,0.0,0.0,0.0
2026-05-10 20:52:26.970,9,0.17359328,0.5306881,0.9135627,0.0,0.0,0.0
2026-05-10 20:52:26.980,10,0.17197248,0.5282416,1.0217125,0.0,0.0,0.0
2026-05-10 20:52:26.990,11,0.17197248,0.5282416,1.0217125,0.0,0.0,0.0
2026-05-10 20:52:27.000,12,0.17197248,0.5282416,1.0217125,0.0,0.0,0.0
2026-05-10 20:52:27.010,13,0.17197248,0.5282416,1.0217125,0.0,0.0,0.0
2026-05-10 20:52:27.020,14,0.17197248,0.5282416,1.0217125,0.0,0.0,0.0
2026-05-10 20:52:27.030,15,0.17197248,0.5282416,1.0217125,0.0,0.0,0.0
2026-05-10 20:52:27.040,16,0.17197248,0.5282416,1.0217125,0.0,0.0,0.0
2026-05-10 20:52:27.050,17,0.17197248,0.5282416,1.0217125,0.0,0.0,0.0
2026-05-10 20:52:27.060,18,0.17197248,0.5282416,1.0217125,0.0,0.0,0.0
2026-05-10 20:52:27.070,19,0.109892964,0.5326147,1.1579052,0.0,0.0,0.0
2026-05-10 20:52:27.080,20,0.02664117933333333,0.5624821999999999,1.1782568666666666,0.0,0.0,0.0
2026-05-10 20:52:27.090,21,-0.13986239,0.6222172,1.2189602,0.0,0.0,0.0
2026-05-10 20:52:27.100,22,-0.13986239,0.6222172,1.2189602,0.0,0.0,0.0
2026-05-10 20:52:27.110,23,-0.13986239,0.6222172,1.2189602,0.0,0.0,0.0
2026-05-10 20:52:27.120,24,-0.13986239,0.6222172,1.2189602,0.0,0.0,0.0
2026-05-10 20:52:27.130,25,-0.13986239,0.6222172,1.2189602,0.0,0.0,0.0
2026-05-10 20:52:27.140,26,-0.13986239,0.6222172,1.2189602,0.0,0.0,0.0
2026-05-10 20:52:27.150,27,-0.13986239,0.6222172,1.2189602,0.0,0.0,0.0
2026-05-10 20:52:27.160,28,-0.13986239,0.6222172,1.2189602,0.0,0.0,0.0
2026-05-10 20:52:27.170,29,-0.13986239,0.6222172,1.2189602,0.0,0.0,0.0
2026-05-10 20:52:27.180,30,-0.13986239,0.6222172,1.2189602,0.0,0.0,0.0
2026-05-10 20:52:27.190,31,-0.13986239,0.6222172,1.2189602,0.0,0.0,0.0
2026-05-10 20:52:27.200,32,-0.13986239,0.6222172,1.2189602,0.0,0.0,0.0
2026-05-10 20:52:27.210,33,-0.13986239,0.6222172,1.2189602,0.0,0.0,0.0
2026-05-10 20:52:27.220,34,-0.13986239,0.6222172,1.2189602,0.0,0.0,0.0
2026-05-10 20:52:27.230,35,-0.13986239,0.6222172,1.2189602,0.0,0.0,0.0
2026-05-10 20:52:27.240,36,-0.13986239,0.6222172,1.2189602,0.0,0.0,0.0
2026-05-10 20:52:27.250,37,-0.13986239,0.6222172,1.2189602,0.0,0.0,0.0
2026-05-10 20:52:27.260,38,-0.13986239,0.6222172,1.2189602,0.0,0.0,0.0
2026-05-10 20:52:27.270,39,-0.13496941,0.63200307,1.2326146,0.0,0.0,0.0
2026-05-10 20:52:27.280,40,-0.13496941,0.63200307,1.2326146,0.0,0.0,0.0
2026-05-10 20:52:27.290,41,-0.13496941,0.63200307,1.2326146,0.0,0.0,0.0
2026-05-10 20:52:27.300,42,-0.13496941,0.63200307,1.2326146,0.0,0.0,0.0
2026-05-10 20:52:27.310,43,-0.13496941,0.63200307,1.2326146,0.0,0.0,0.0
2026-05-10 20:52:27.320,44,-0.13496941,0.63200307,1.2326146,0.0,0.0,0.0
2026-05-10 20:52:27.330,45,-0.13496941,0.63200307,1.2326146,0.0,0.0,0.0
2026-05-10 20:52:27.340,46,-0.04373089,0.671055,1.2308868,0.0,0.0,0.0
2026-05-10 20:52:27.350,47,-0.04373089,0.671055,1.2308868,0.0,0.0,0.0
2026-05-10 20:52:27.360,48,-0.04373089,0.671055,1.2308868,0.0,0.0,0.0
2026-05-10 20:52:27.370,49,-0.04373089,0.671055,1.2308868,0.0,0.0,0.0
2026-05-10 20:52:27.380,50,-0.04373089,0.671055,1.2308868,0.0,0.0,0.0
2026-05-10 20:52:27.390,51,-0.04373089,0.671055,1.2308868,0.0,0.0,0.0
2026-05-10 20:52:27.400,52,-0.04373089,0.671055,1.2308868,0.0,0.0,0.0
2026-05-10 20:52:27.410,53,-0.04373089,0.671055,1.2308868,0.0,0.0,0.0
2026-05-10 20:52:27.420,54,-0.04373089,0.671055,1.2308868,0.0,0.0,0.0
2026-05-10 20:52:27.430,55,-0.04373089,0.671055,1.2308868,0.0,0.0,0.0
2026-05-10 20:52:27.440,56,-0.04373089,0.671055,1.2308868,0.0,0.0,0.0
2026-05-10 20:52:27.450,57,-0.04373089,0.671055,1.2308868,0.0,0.0,0.0
2026-05-10 20:52:27.460,58,-0.04373089,0.671055,1.2308868,0.0,0.0,0.0
2026-05-10 20:52:27.470,59,-0.04373089,0.671055,1.2308868,0.0,0.0,0.0
2026-05-10 20:52:27.480,60,0.004994902,0.6801579999999999,1.2013964666666668,0.0,0.0,0.0
2026-05-10 20:52:27.490,61,0.029357798,0.6847095,1.1866513,0.0,0.0,0.0
2026-05-10 20:52:27.500,62,0.029357798,0.6847095,1.1866513,0.0,0.0,0.0
2026-05-10 20:52:27.510,63,0.029357798,0.6847095,1.1866513,0.0,0.0,0.0
2026-05-10 20:52:27.520,64,0.029357798,0.6847095,1.1866513,0.0,0.0,0.0
2026-05-10 20:52:27.530,65,0.029357798,0.6847095,1.1866513,0.0,0.0,0.0
2026-05-10 20:52:27.540,66,0.029357798,0.6847095,1.1866513,0.0,0.0,0.0
2026-05-10 20:52:27.550,67,0.029357798,0.6847095,1.1866513,0.0,0.0,0.0
2026-05-10 20:52:27.560,68,0.040096840333333335,0.6890927833333333,1.1960958000000002,0.0,0.0,0.0
2026-05-10 20:52:27.570,69,0.061574925,0.69785935,1.2149848,0.0,0.0,0.0
2026-05-10 20:52:27.580,70,0.061574925,0.69785935,1.2149848,0.0,0.0,0.0
2026-05-10 20:52:27.590,71,0.061574925,0.69785935,1.2149848,0.0,0.0,0.0
2026-05-10 20:52:27.600,72,0.061574925,0.69785935,1.2149848,0.0,0.0,0.0
2026-05-10 20:52:27.610,73,0.061574925,0.69785935,1.2149848,0.0,0.0,0.0
2026-05-10 20:52:27.620,74,0.061574925,0.69785935,1.2149848,0.0,0.0,0.0
2026-05-10 20:52:27.630,75,0.061574925,0.69785935,1.2149848,0.0,0.0,0.0
2026-05-10 20:52:27.640,76,0.061574925,0.69785935,1.2149848,0.0,0.0,0.0
2026-05-10 20:52:27.650,77,0.061574925,0.69785935,1.2149848,0.0,0.0,0.0
2026-05-10 20:52:27.660,78,0.061574925,0.69785935,1.2149848,0.0,0.0,0.0
2026-05-10 20:52:27.670,79,0.061574925,0.69785935,1.2149848,0.0,0.0,0.0
2026-05-10 20:52:27.680,80,0.06327981875,0.6997439,1.23420115,0.0,0.0,0.0
2026-05-10 20:52:27.690,81,0.0683945,0.7053975500000002,1.2918502,0.0,0.0,0.0
2026-05-10 20:52:27.700,82,0.0683945,0.7053975500000002,1.2918502,0.0,0.0,0.0
2026-05-10 20:52:27.710,83,0.0683945,0.7053975500000002,1.2918502,0.0,0.0,0.0
2026-05-10 20:52:27.720,84,0.0683945,0.7053975500000002,1.2918502,0.0,0.0,0.0
2026-05-10 20:52:27.730,85,0.0683945,0.7053975500000002,1.2918502,0.0,0.0,0.0
2026-05-10 20:52:27.740,86,0.105810404,0.7090673,1.3394495,0.0,0.0,0.0
2026-05-10 20:52:27.750,87,0.10581040400000001,0.7090673,1.3394495,0.0,0.0,0.0
2026-05-10 20:52:27.760,88,0.10581040400000001,0.7090673,1.3394495,0.0,0.0,0.0
2026-05-10 20:52:27.770,89,0.10581040400000001,0.7090673,1.3394495,0.0,0.0,0.0
2026-05-10 20:52:27.780,90,0.10581040400000001,0.7090673,1.3394495,0.0,0.0,0.0
2026-05-10 20:52:27.790,91,0.10581040400000001,0.7090673,1.3394495,0.0,0.0,0.0
2026-05-10 20:52:27.800,92,0.10581040400000001,0.7090673,1.3394495,0.0,0.0,0.0
2026-05-10 20:52:27.810,93,0.105810404,0.7090673,1.3394495,0.0,0.0,0.0
2026-05-10 20:52:27.820,94,0.10581040400000001,0.7090673,1.3394495,0.0,0.0,0.0
2026-05-10 20:52:27.830,95,0.10581040400000001,0.7090673,1.3394495,0.0,0.0,0.0
2026-05-10 20:52:27.840,96,0.105810404,0.7090673,1.3394495,0.0,0.0,0.0
2026-05-10 20:52:27.850,97,0.105810404,0.7090673,1.3394495,0.0,0.0,0.0
2026-05-10 20:52:27.860,98,0.105810404,0.7090673,1.3394495,0.0,0.0,0.0
2026-05-10 20:52:27.870,99,0.105810404,0.7090673,1.3394495,0.0,0.0,0.0
2026-05-10 20:52:27.880,100,0.105810404,0.7090673,1.3394495,0.0,0.0,0.0
2026-05-10 20:52:27.890,101,0.10288991266666667,0.7263965499999999,1.365581,0.0,0.0,0.0
2026-05-10 20:52:27.900,102,0.09996942133333334,0.7437258,1.3917125000000001,0.0,0.0,0.0
2026-05-10 20:52:27.910,103,0.09704893,0.76105505,1.417844,0.0,0.0,0.0
2026-05-10 20:52:27.920,104,0.09704893,0.76105505,1.417844,0.0,0.0,0.0
2026-05-10 20:52:27.930,105,0.09704893,0.76105505,1.417844,0.0,0.0,0.0
2026-05-10 20:52:27.940,106,0.09704893,0.76105505,1.417844,0.0,0.0,0.0
2026-05-10 20:52:27.950,107,0.09704892999999999,0.76105505,1.4178439999999999,0.0,0.0,0.0
2026-05-10 20:52:27.960,108,0.09704892999999999,0.76105505,1.4178439999999999,0.0,0.0,0.0
2026-05-10 20:52:27.970,109,0.09704893,0.76105505,1.417844,0.0,0.0,0.0
2026-05-10 20:52:27.980,110,0.09704892999999999,0.76105505,1.4178439999999999,0.0,0.0,0.0
2026-05-10 20:52:27.990,111,0.06380734,0.7620795399999999,1.4530122,0.0,0.0,0.0
2026-05-10 20:52:28.000,112,0.06380734,0.7620795399999999,1.4530122,0.0,0.0,0.0
2026-05-10 20:52:28.010,113,0.06380734,0.76207954,1.4530122,0.0,0.0,0.0
2026-05-10 20:52:28.020,114,0.06380734,0.76207954,1.4530122,0.0,0.0,0.0
2026-05-10 20:52:28.030,115,0.06380734,0.76207954,1.4530122,0.0,0.0,0.0
2026-05-10 20:52:28.040,116,0.06380734,0.7620795399999999,1.4530122,0.0,0.0,0.0
2026-05-10 20:52:28.050,117,0.06380734,0.76207954,1.4530122,0.0,0.0,0.0
2026-05-10 20:52:28.060,118,0.06380734,0.76207954,1.4530122,0.0,0.0,0.0
2026-05-10 20:52:28.070,119,0.06380734,0.7620795399999999,1.4530122,0.0,0.0,0.0
2026-05-10 20:52:28.080,120,0.06380734,0.7620795399999999,1.4530122,0.0,0.0,0.0
2026-05-10 20:52:28.090,121,0.05474006,0.7681957,1.459526,0.0,0.0,0.0
2026-05-10 20:52:28.100,122,0.05474006,0.7681957,1.459526,0.0,0.0,0.0
2026-05-10 20:52:28.110,123,0.052293578,0.771964825,1.4555046,0.0,0.0,0.0
2026-05-10 20:52:28.120,124,0.049847096,0.77573395,1.4514832,0.0,0.0,0.0
2026-05-10 20:52:28.130,125,0.049847096,0.7757339499999999,1.4514832,0.0,0.0,0.0
2026-05-10 20:52:28.140,126,0.049847096,0.7757339499999999,1.4514832,0.0,0.0,0.0
2026-05-10 20:52:28.150,127,0.049847096,0.77573395,1.4514832,0.0,0.0,0.0
2026-05-10 20:52:28.160,128,0.049847096,0.7757339499999999,1.4514832,0.0,0.0,0.0
2026-05-10 20:52:28.170,129,0.049847096,0.7757339499999999,1.4514832,0.0,0.0,0.0
2026-05-10 20:52:28.180,130,0.049847096,0.7757339499999999,1.4514832,0.0,0.0,0.0
2026-05-10 20:52:28.190,131,0.049847096,0.77573395,1.4514832,0.0,0.0,0.0
2026-05-10 20:52:28.200,132,0.049847096,0.77573395,1.4514832,0.0,0.0,0.0
2026-05-10 20:52:28.210,133,0.049847096,0.7757339499999999,1.4514832,0.0,0.0,0.0
2026-05-10 20:52:28.220,134,0.049847096,0.7757339499999999,1.4514832,0.0,0.0,0.0
2026-05-10 20:52:28.230,135,0.049847096,0.7757339499999999,1.4514832,0.0,0.0,0.0
2026-05-10 20:52:28.240,136,0.049847096,0.7757339499999999,1.4514832,0.0,0.0,0.0
2026-05-10 20:52:28.250,137,0.019949032266666666,0.7669673833333333,1.4282416666666666,0.0,0.0,0.0
2026-05-10 20:52:28.260,138,0.0050000004,0.7625841000000001,1.4166209,0.0,0.0,0.0
2026-05-10 20:52:28.270,139,0.0050000004,0.7625841000000001,1.4166209,0.0,0.0,0.0
2026-05-10 20:52:28.280,140,0.0050000004,0.7625841000000001,1.4166209,0.0,0.0,0.0
2026-05-10 20:52:28.290,141,0.0050000004,0.7625841000000001,1.4166209,0.0,0.0,0.0
2026-05-10 20:52:28.300,142,0.0050000004,0.7625841000000001,1.4166209,0.0,0.0,0.0
2026-05-10 20:52:28.310,143,0.0050000004,0.7625841000000001,1.4166209,0.0,0.0,0.0
2026-05-10 20:52:28.320,144,0.0050000004,0.7625841,1.4166209,0.0,0.0,0.0
2026-05-10 20:52:28.330,145,-0.04637615,0.7593272299999999,1.4031652,0.0,0.0,0.0
2026-05-10 20:52:28.340,146,-0.04637615,0.75932723,1.4031652,0.0,0.0,0.0
2026-05-10 20:52:28.350,147,-0.04637615,0.7593272299999999,1.4031652,0.0,0.0,0.0
2026-05-10 20:52:28.360,148,-0.04637615,0.7593272299999999,1.4031652,0.0,0.0,0.0
2026-05-10 20:52:28.370,149,-0.04637615,0.75932723,1.4031652,0.0,0.0,0.0
2026-05-10 20:52:28.380,150,-0.04637615,0.7593272299999999,1.4031652,0.0,0.0,0.0
2026-05-10 20:52:28.390,151,-0.04637615,0.7593272299999999,1.4031652,0.0,0.0,0.0
2026-05-10 20:52:28.400,152,-0.04637615,0.7593272299999999,1.4031652,0.0,0.0,0.0
2026-05-10 20:52:28.410,153,-0.04637615,0.7593272299999999,1.4031652,0.0,0.0,0.0
2026-05-10 20:52:28.420,154,-0.080535166,0.7598318,1.2846024,0.0,0.0,0.0
2026-05-10 20:52:28.430,155,-0.080535166,0.7598318000000001,1.2846024,0.0,0.0,0.0
2026-05-10 20:52:28.440,156,-0.080535166,0.7598318000000001,1.2846024,0.0,0.0,0.0
2026-05-10 20:52:28.450,157,-0.080535166,0.7598318000000001,1.2846024,0.0,0.0,0.0
2026-05-10 20:52:28.460,158,-0.080535166,0.7598318,1.2846024,0.0,0.0,0.0
2026-05-10 20:52:28.470,159,-0.080535166,0.7598318000000001,1.2846024,0.0,0.0,0.0
2026-05-10 20:52:28.480,160,-0.080535166,0.7598318000000001,1.2846024,0.0,0.0,0.0
2026-05-10 20:52:28.490,161,-0.124969415,0.76207954,1.1776758,0.0,0.0,0.0
2026-05-10 20:52:28.500,162,-0.12496941499999999,0.7620795399999999,1.1776758,0.0,0.0,0.0
2026-05-10 20:52:28.510,163,-0.12496941499999999,0.7620795399999999,1.1776758,0.0,0.0,0.0
2026-05-10 20:52:28.520,164,-0.124969415,0.76207954,1.1776758,0.0,0.0,0.0
2026-05-10 20:52:28.530,165,-0.12496941499999999,0.7620795399999999,1.1776758,0.0,0.0,0.0
2026-05-10 20:52:28.540,166,-0.124969415,0.76207954,1.1776758,0.0,0.0,0.0
2026-05-10 20:52:28.550,167,-0.12496941499999999,0.7620795399999999,1.1776758,0.0,0.0,0.0
2026-05-10 20:52:28.560,168,-0.124969415,0.76207954,1.1776758,0.0,0.0,0.0
2026-05-10 20:52:28.570,169,-0.12496941499999999,0.7620795399999999,1.1776758,0.0,0.0,0.0
2026-05-10 20:52:28.580,170,-0.124969415,0.76207954,1.1776758,0.0,0.0,0.0
2026-05-10 20:52:28.590,171,-0.12496941499999999,0.7620795399999999,1.1776758,0.0,0.0,0.0
2026-05-10 20:52:28.600,172,-0.124969415,0.76207954,1.1776758,0.0,0.0,0.0
2026-05-10 20:52:28.610,173,-0.12496941499999999,0.7620795399999999,1.1776758,0.0,0.0,0.0
2026-05-10 20:52:28.620,174,-0.12496941499999999,0.7620795399999999,1.1776758,0.0,0.0,0.0
2026-05-10 20:52:28.630,175,-0.124969415,0.76207954,1.1776758,0.0,0.0,0.0
2026-05-10 20:52:28.640,176,-0.12496941499999999,0.7620795399999999,1.1776758,0.0,0.0,0.0
2026-05-10 20:52:28.650,177,-0.05004587,0.7356728,0.94117737,0.0,0.0,0.0
2026-05-10 20:52:28.660,178,-0.05004587,0.7356728,0.94117737,0.0,0.0,0.0
2026-05-10 20:52:28.670,179,-0.05004587,0.7356728,0.94117737,0.0,0.0,0.0
2026-05-10 20:52:28.680,180,-0.05004587,0.7356728,0.94117737,0.0,0.0,0.0
2026-05-10 20:52:28.690,181,-0.05004587,0.7356728,0.94117737,0.0,0.0,0.0
2026-05-10 20:52:28.700,182,-0.05004587,0.7356728,0.94117737,0.0,0.0,0.0
2026-05-10 20:52:28.710,183,-0.05004587,0.7356728,0.94117737,0.0,0.0,0.0
2026-05-10 20:52:28.720,184,-0.05004587,0.7356728,0.94117737,0.0,0.0,0.0
2026-05-10 20:52:28.730,185,-0.05004587,0.7356728,0.94117737,0.0,0.0,0.0
2026-05-10 20:52:28.740,186,-0.05004587,0.7356728,0.94117737,0.0,0.0,0.0
2026-05-10 20:52:28.750,187,-0.05004587,0.7356728,0.94117737,0.0,0.0,0.0
2026-05-10 20:52:28.760,188,-0.05004587,0.7356728,0.94117737,0.0,0.0,0.0
2026-05-10 20:52:28.770,189,-0.05853211,0.736540525,0.925787465,0.0,0.0,0.0
2026-05-10 20:52:28.780,190,-0.08399083,0.7391437,0.87961775,0.0,0.0,0.0
2026-05-10 20:52:28.790,191,-0.08399083,0.7391437,0.87961775,0.0,0.0,0.0
2026-05-10 20:52:28.800,192,-0.034250766,0.6927676,0.5084557,0.0,0.0,0.0
2026-05-10 20:52:28.810,193,-0.034250766,0.6927676000000001,0.5084557,0.0,0.0,0.0
2026-05-10 20:52:28.820,194,-0.034250766,0.6927676,0.5084557,0.0,0.0,0.0
2026-05-10 20:52:28.830,195,-0.034250766,0.6927676000000001,0.5084557,0.0,0.0,0.0
2026-05-10 20:52:28.840,196,-0.060754334,0.6972528166666666,0.5594597666666666,0.0,0.0,0.0
2026-05-10 20:52:28.850,197,-0.11376147,0.70622325,0.6614679,0.0,0.0,0.0
2026-05-10 20:52:28.860,198,-0.11376146999999999,0.70622325,0.6614679,0.0,0.0,0.0
2026-05-10 20:52:28.870,199,-0.11376147,0.70622325,0.6614679,0.0,0.0,0.0
2026-05-10 20:52:28.880,200,-0.11376146999999999,0.70622325,0.6614679,0.0,0.0,0.0
2026-05-10 20:52:28.890,201,-0.11376146999999999,0.70622325,0.6614679,0.0,0.0,0.0
2026-05-10 20:52:28.900,202,-0.11376147,0.70622325,0.6614679,0.0,0.0,0.0
2026-05-10 20:52:28.910,203,-0.11376146999999999,0.70622325,0.6614679,0.0,0.0,0.0
2026-05-10 20:52:28.920,204,-0.11376146999999999,0.70622325,0.6614679,0.0,0.0,0.0
2026-05-10 20:52:28.930,205,-0.11376146999999999,0.70622325,0.6614679,0.0,0.0,0.0
2026-05-10 20:52:28.940,206,-0.11376146999999999,0.70622325,0.6614679,0.0,0.0,0.0
2026-05-10 20:52:28.950,207,-0.11376147,0.70622325,0.6614679,0.0,0.0,0.0
2026-05-10 20:52:28.960,208,-0.11376146999999999,0.70622325,0.6614679,0.0,0.0,0.0
2026-05-10 20:52:28.970,209,-0.11376147,0.70622325,0.6614679,0.0,0.0,0.0
2026-05-10 20:52:28.980,210,-0.04458206,0.6702395666666666,0.56700816,0.0,0.0,0.0
2026-05-10 20:52:28.990,211,0.09377676,0.5982722,0.37808868,0.0,0.0,0.0
2026-05-10 20:52:29.000,212,0.09377676,0.5982722,0.37808868,0.0,0.0,0.0
2026-05-10 20:52:29.010,213,0.09377676,0.5982722,0.37808868,0.0,0.0,0.0
2026-05-10 20:52:29.020,214,0.23587665333333332,0.53859838,0.3141335333333333,0.0,0.0,0.0
2026-05-10 20:52:29.030,215,0.3069266,0.50876147,0.28215596,0.0,0.0,0.0
2026-05-10 20:52:29.040,216,0.3069266,0.50876147,0.28215596,0.0,0.0,0.0
2026-05-10 20:52:29.050,217,0.3069266,0.50876147,0.28215596,0.0,0.0,0.0
2026-05-10 20:52:29.060,218,0.3069266,0.50876147,0.28215596,0.0,0.0,0.0
2026-05-10 20:52:29.070,219,0.3069266,0.50876147,0.28215596,0.0,0.0,0.0
2026-05-10 20:52:29.080,220,0.4357798,0.47380736000000007,0.072782874,0.0,0.0,0.0
2026-05-10 20:52:29.090,221,0.4357798,0.47380736000000007,0.072782874,0.0,0.0,0.0
2026-05-10 20:52:29.100,222,0.4357798,0.47380736000000007,0.072782874,0.0,0.0,0.0
2026-05-10 20:52:29.110,223,0.4357798,0.47380736,0.072782874,0.0,0.0,0.0
2026-05-10 20:52:29.120,224,0.4357798,0.47380736000000007,0.072782874,0.0,0.0,0.0
2026-05-10 20:52:29.130,225,0.4357798,0.47380736000000007,0.072782874,0.0,0.0,0.0
2026-05-10 20:52:29.140,226,0.4357798,0.47380736,0.072782874,0.0,0.0,0.0
2026-05-10 20:52:29.150,227,0.4357798,0.47380736000000007,0.072782874,0.0,0.0,0.0
2026-05-10 20:52:29.160,228,0.5174617733333333,0.47169723999999996,-0.08039754866666667,0.0,0.0,0.0
2026-05-10 20:52:29.170,229,0.595107,0.36544344,-0.5992813,0.0,0.0,0.0
2026-05-10 20:52:29.180,230,0.595107,0.36544344,-0.5992813,0.0,0.0,0.0
2026-05-10 20:52:29.190,231,0.595107,0.36544344,-0.5992813,0.0,0.0,0.0
2026-05-10 20:52:29.200,232,0.595107,0.36544344,-0.5992813,0.0,0.0,0.0
2026-05-10 20:52:29.210,233,0.49724773,0.29877678,-0.8116208,0.0,0.0,0.0
2026-05-10 20:52:29.220,234,0.49724773,0.29877678,-0.8116208,0.0,0.0,0.0
2026-05-10 20:52:29.230,235,0.47155964333333333,0.25827728,-0.8759123333333333,0.0,0.0,0.0
2026-05-10 20:52:29.240,236,0.4587156,0.23802753,-0.9080581,0.0,0.0,0.0
2026-05-10 20:52:29.250,237,-0.3482160999999999,-0.3440316133333333,-0.18403159999999996,0.0,0.0,0.0
2026-05-10 20:52:29.260,238,-1.1551478,-0.9260907566666666,0.5399949,0.0,0.0,0.0
2026-05-10 20:52:29.270,239,-1.9620795,-1.5081499,1.2640214,0.0,0.0,0.0
2026-05-10 20:52:29.280,240,-1.9620795,-1.5081499,1.2640214,0.0,0.0,0.0
2026-05-10 20:52:29.290,241,-1.8258919666666669,-1.6369979666666667,1.2700662666666667,0.0,0.0,0.0
2026-05-10 20:52:29.300,242,-1.7577982,-1.701422,1.2730887,0.0,0.0,0.0
2026-05-10 20:52:29.310,243,-1.7577982,-1.701422,1.2730887,0.0,0.0,0.0
2026-05-10 20:52:29.320,244,-1.7577982,-1.701422,1.2730887,0.0,0.0,0.0
2026-05-10 20:52:29.330,245,-1.7577982,-1.701422,1.2730887,0.0,0.0,0.0
2026-05-10 20:52:29.340,246,-1.5699541750000001,-1.767866975,1.1361621,0.0,0.0,0.0
2026-05-10 20:52:29.350,247,-1.5073394999999998,-1.7900153,1.0905199,0.0,0.0,0.0
2026-05-10 20:52:29.360,248,-1.5073395,-1.7900153,1.0905199,0.0,0.0,0.0
2026-05-10 20:52:29.370,249,-1.5073394999999998,-1.7900153,1.0905199,0.0,0.0,0.0
2026-05-10 20:52:29.380,250,-1.5073394999999998,-1.7900153,1.0905199,0.0,0.0,0.0
2026-05-10 20:52:29.390,251,-1.5073395,-1.7900153,1.0905199,0.0,0.0,0.0
2026-05-10 20:52:29.400,252,-1.5073394999999998,-1.7900153,1.0905199,0.0,0.0,0.0
2026-05-10 20:52:29.410,253,-1.4324159333333333,-1.8031957333333335,1.0075433333333335,0.0,0.0,0.0
2026-05-10 20:52:29.420,254,-1.2825688,-1.8295566,0.8415902,0.0,0.0,0.0
2026-05-10 20:52:29.430,255,-1.2825688,-1.8295566,0.8415902000000001,0.0,0.0,0.0
2026-05-10 20:52:29.440,256,-1.2825688,-1.8295566,0.8415902,0.0,0.0,0.0
2026-05-10 20:52:29.450,257,-1.2825688,-1.8295566,0.8415902000000001,0.0,0.0,0.0
2026-05-10 20:52:29.460,258,-1.2825688,-1.8295566,0.8415902000000001,0.0,0.0,0.0
2026-05-10 20:52:29.470,259,-1.2825688,-1.8295566,0.8415902,0.0,0.0,0.0
2026-05-10 20:52:29.480,260,-1.2825688,-1.8295566,0.8415902000000001,0.0,0.0,0.0
2026-05-10 20:52:29.490,261,-1.2825688,-1.8295566,0.8415902000000001,0.0,0.0,0.0
2026-05-10 20:52:29.500,262,-1.0314984,-1.866468,0.61172783,0.0,0.0,0.0
2026-05-10 20:52:29.510,263,-1.0314984,-1.866468,0.61172783,0.0,0.0,0.0
2026-05-10 20:52:29.520,264,-1.0314984,-1.866468,0.61172783,0.0,0.0,0.0
2026-05-10 20:52:29.530,265,-1.0314984,-1.866468,0.61172783,0.0,0.0,0.0
2026-05-10 20:52:29.540,266,-1.0314984,-1.866468,0.61172783,0.0,0.0,0.0
2026-05-10 20:52:29.550,267,-0.23486239,-1.91763,0.40836390000000006,0.0,0.0,0.0
2026-05-10 20:52:29.560,268,-0.23486239,-1.91763,0.4083639,0.0,0.0,0.0
2026-05-10 20:52:29.570,269,-0.06503567933333333,-1.8932364666666668,0.40543833333333335,0.0,0.0,0.0
2026-05-10 20:52:29.580,270,0.019877676,-1.8810397,0.40397555,0.0,0.0,0.0
2026-05-10 20:52:29.590,271,0.019877676,-1.8810396999999999,0.40397555,0.0,0.0,0.0
2026-05-10 20:52:29.600,272,0.20316005066666668,-1.8456676666666667,0.42246178000000006,0.0,0.0,0.0
2026-05-10 20:52:29.610,273,0.5697248,-1.7749236,0.45943424,0.0,0.0,0.0
2026-05-10 20:52:29.620,274,0.5697248,-1.7749236,0.45943424,0.0,0.0,0.0
2026-05-10 20:52:29.630,275,0.5697248,-1.7749236,0.45943424,0.0,0.0,0.0
2026-05-10 20:52:29.640,276,0.5697248,-1.7749236,0.45943424,0.0,0.0,0.0
2026-05-10 20:52:29.650,277,0.5697248,-1.7749236,0.45943424,0.0,0.0,0.0
2026-05-10 20:52:29.660,278,0.5697248,-1.7749236,0.45943424,0.0,0.0,0.0
2026-05-10 20:52:29.670,279,0.5697248,-1.7749236,0.45943424,0.0,0.0,0.0
2026-05-10 20:52:29.680,280,0.5697248,-1.7749236,0.45943424,0.0,0.0,0.0
2026-05-10 20:52:29.690,281,0.5697248,-1.7749236,0.45943424,0.0,0.0,0.0
2026-05-10 20:52:29.700,282,0.5697248,-1.7749236,0.45943424,0.0,0.0,0.0
2026-05-10 20:52:29.710,283,0.7850152666666667,-1.7254537333333333,0.45943424,0.0,0.0,0.0
2026-05-10 20:52:29.720,284,0.8926605,-1.7007188,0.45943424,0.0,0.0,0.0
2026-05-10 20:52:29.730,285,0.8926605,-1.7007188,0.45943424,0.0,0.0,0.0
2026-05-10 20:52:29.740,286,0.8926605,-1.7007188,0.45943424,0.0,0.0,0.0
2026-05-10 20:52:29.750,287,0.8926605,-1.7007188,0.45943424,0.0,0.0,0.0
2026-05-10 20:52:29.760,288,0.943730875,-1.689377,0.458746165,0.0,0.0,0.0
2026-05-10 20:52:29.770,289,1.096942,-1.6553516000000001,0.45668194,0.0,0.0,0.0
2026-05-10 20:52:29.780,290,1.096942,-1.6553516000000001,0.45668194,0.0,0.0,0.0
2026-05-10 20:52:29.790,291,1.096942,-1.6553516000000001,0.45668194,0.0,0.0,0.0
2026-05-10 20:52:29.800,292,1.5940826,-1.2636086,0.25290522,0.0,0.0,0.0
2026-05-10 20:52:29.810,293,1.61658,-1.2323445333333334,0.23483182,0.0,0.0,0.0
2026-05-10 20:52:29.820,294,1.6278287,-1.2167125,0.22579512,0.0,0.0,0.0
2026-05-10 20:52:29.830,295,1.6278287,-1.2167125,0.22579512,0.0,0.0,0.0
2026-05-10 20:52:29.840,296,1.6278287,-1.2167125,0.22579512,0.0,0.0,0.0
2026-05-10 20:52:29.850,297,1.7052293,-0.9794750333333333,0.11270642666666668,0.0,0.0,0.0
2026-05-10 20:52:29.860,298,1.6902599,-0.7836391650000001,-0.014938840000000002,0.0,0.0,0.0
2026-05-10 20:52:29.870,299,1.6365901999999999,-0.70642203,-0.08603976,0.0,0.0,0.0
2026-05-10 20:52:29.880,300,1.6365901999999999,-0.70642203,-0.08603976,0.0,0.0,0.0
2026-05-10 20:52:29.890,301,1.5355809999999999,-0.529159,-0.12313456,0.0,0.0,0.0
2026-05-10 20:52:29.900,302,1.535581,-0.529159,-0.12313456,0.0,0.0,0.0
2026-05-10 20:52:29.910,303,1.6394495000000002,-0.3614679,0.020076452,0.0,0.0,0.0
2026-05-10 20:52:29.920,304,1.6394495000000002,-0.3614679,0.020076452,0.0,0.0,0.0
2026-05-10 20:52:29.930,305,1.6394495,-0.3614679,0.020076452,0.0,0.0,0.0
2026-05-10 20:52:29.940,306,1.6394495000000002,-0.3614679,0.020076452,0.0,0.0,0.0
2026-05-10 20:52:29.950,307,1.6394495000000002,-0.3614679,0.020076452,0.0,0.0,0.0
2026-05-10 20:52:29.960,308,1.6394495000000002,-0.3614679,0.020076452,0.0,0.0,0.0
2026-05-10 20:52:29.970,309,1.6394495,-0.3614679,0.020076452,0.0,0.0,0.0
2026-05-10 20:52:29.980,310,1.6394495000000002,-0.3614679,0.020076452,0.0,0.0,0.0
2026-05-10 20:52:29.990,311,1.7006116,-0.284250775,0.0365443445,0.0,0.0,0.0
2026-05-10 20:52:30.000,312,1.7617737,-0.20703364999999999,0.053012237,0.0,0.0,0.0
2026-05-10 20:52:30.010,313,1.7617737,-0.20703365,0.053012237,0.0,0.0,0.0
2026-05-10 20:52:30.020,314,1.7617737,-0.20703364999999999,0.053012237,0.0,0.0,0.0
2026-05-10 20:52:30.030,315,1.7617737,-0.20703365,0.053012237,0.0,0.0,0.0
2026-05-10 20:52:30.040,316,1.7617737,-0.20703364999999999,0.053012237,0.0,0.0,0.0
2026-05-10 20:52:30.050,317,1.7617737,-0.20703364999999999,0.053012237,0.0,0.0,0.0
2026-05-10 20:52:30.060,318,1.7586086,-0.14668196,0.05443425,0.0,0.0,0.0
2026-05-10 20:52:30.070,319,1.7586085999999999,-0.14668196,0.054434249999999997,0.0,0.0,0.0
2026-05-10 20:52:30.080,320,1.7586086,-0.14668196,0.05443425,0.0,0.0,0.0
2026-05-10 20:52:30.090,321,1.7586086,-0.14668196,0.05443425,0.0,0.0,0.0
2026-05-10 20:52:30.100,322,1.7586086,-0.14668196,0.05443425,0.0,0.0,0.0
2026-05-10 20:52:30.110,323,1.7586086,-0.14668196,0.05443425,0.0,0.0,0.0
2026-05-10 20:52:30.120,324,1.7586085999999999,-0.14668196,0.054434249999999997,0.0,0.0,0.0
2026-05-10 20:52:30.130,325,1.7586086,-0.14668196,0.05443425,0.0,0.0,0.0
2026-05-10 20:52:30.140,326,1.7586086,-0.14668196,0.05443425,0.0,0.0,0.0
2026-05-10 20:52:30.150,327,1.7586086,-0.14668196,0.05443425,0.0,0.0,0.0
2026-05-10 20:52:30.160,328,1.7586086,-0.14668196,0.05443425,0.0,0.0,0.0
2026-05-10 20:52:30.170,329,1.7586086,-0.14668196,0.05443425,0.0,0.0,0.0
2026-05-10 20:52:30.180,330,1.7586086,-0.14668196,0.05443425,0.0,0.0,0.0
2026-05-10 20:52:30.190,331,1.7586086,-0.14668196,0.05443425,0.0,0.0,0.0
2026-05-10 20:52:30.200,332,1.9485167,0.078394495,0.01937309,0.0,0.0,0.0
2026-05-10 20:52:30.210,333,1.9485167,0.078394495,0.01937309,0.0,0.0,0.0
2026-05-10 20:52:30.220,334,1.9485167,0.078394495,0.01937309,0.0,0.0,0.0
2026-05-10 20:52:30.230,335,1.9485167,0.078394495,0.01937309,0.0,0.0,0.0
2026-05-10 20:52:30.240,336,1.9485167,0.078394495,0.01937309,0.0,0.0,0.0
2026-05-10 20:52:30.250,337,1.9485167,0.078394495,0.01937309,0.0,0.0,0.0
2026-05-10 20:52:30.260,338,1.9485167,0.078394495,0.01937309,0.0,0.0,0.0
2026-05-10 20:52:30.270,339,1.9485167,0.078394495,0.01937309,0.0,0.0,0.0
2026-05-10 20:52:30.280,340,1.9485167,0.078394495,0.01937309,0.0,0.0,0.0
2026-05-10 20:52:30.290,341,1.9485167,0.078394495,0.01937309,0.0,0.0,0.0
2026-05-10 20:52:30.300,342,1.9485167,0.078394495,0.01937309,0.0,0.0,0.0
2026-05-10 20:52:30.310,343,1.9396890333333332,0.20220691833333335,0.011829766,0.0,0.0,0.0
2026-05-10 20:52:30.320,344,1.9352752000000002,0.26411313,0.008058104,0.0,0.0,0.0
2026-05-10 20:52:30.330,345,1.9352752000000002,0.26411313,0.008058104,0.0,0.0,0.0
2026-05-10 20:52:30.340,346,1.9352752000000002,0.26411313,0.008058104,0.0,0.0,0.0
2026-05-10 20:52:30.350,347,1.9352752000000002,0.26411313,0.008058104,0.0,0.0,0.0
2026-05-10 20:52:30.360,348,1.9352752000000002,0.26411313,0.008058104,0.0,0.0,0.0
2026-05-10 20:52:30.370,349,1.9352752,0.26411313,0.008058104,0.0,0.0,0.0
2026-05-10 20:52:30.380,350,1.9352752000000002,0.26411313,0.008058104,0.0,0.0,0.0
2026-05-10 20:52:30.390,351,1.9352752000000002,0.26411313,0.008058104,0.0,0.0,0.0
2026-05-10 20:52:30.400,352,1.9352752,0.26411313,0.008058104,0.0,0.0,0.0
2026-05-10 20:52:30.410,353,1.9352752,0.26411313,0.008058104,0.0,0.0,0.0
2026-05-10 20:52:30.420,354,1.9352752,0.26411313,0.008058104,0.0,0.0,0.0
2026-05-10 20:52:30.430,355,1.9352752000000002,0.26411313,0.008058104,0.0,0.0,0.0
2026-05-10 20:52:30.440,356,1.9352752000000002,0.26411313,0.008058104,0.0,0.0,0.0
2026-05-10 20:52:30.450,357,1.9352752000000002,0.26411313,0.008058104,0.0,0.0,0.0
2026-05-10 20:52:30.460,358,1.8669418999999998,0.2696534,0.026202854666666664,0.0,0.0,0.0
2026-05-10 20:52:30.470,359,1.7302753,0.28073394,0.062492356,0.0,0.0,0.0
2026-05-10 20:52:30.480,360,1.7302753,0.28073394,0.062492356,0.0,0.0,0.0
2026-05-10 20:52:30.490,361,1.7302753,0.28073394,0.062492356,0.0,0.0,0.0
2026-05-10 20:52:30.500,362,1.4586085,0.29001528,0.19429664,0.0,0.0,0.0
2026-05-10 20:52:30.510,363,1.4586084999999998,0.29001528,0.19429664,0.0,0.0,0.0
2026-05-10 20:52:30.520,364,1.4586085,0.29001528,0.19429664,0.0,0.0,0.0
2026-05-10 20:52:30.530,365,1.4586084999999998,0.29001528,0.19429664,0.0,0.0,0.0
2026-05-10 20:52:30.540,366,1.3077777666666666,0.2945005,0.28777268333333333,0.0,0.0,0.0
2026-05-10 20:52:30.550,367,1.0061163,0.30347094,0.4747247700000001,0.0,0.0,0.0
2026-05-10 20:52:30.560,368,1.0061163,0.30347094,0.4747247700000001,0.0,0.0,0.0
2026-05-10 20:52:30.570,369,1.0061163,0.30347094,0.47472477,0.0,0.0,0.0
2026-05-10 20:52:30.580,370,1.0061163,0.30347094,0.4747247700000001,0.0,0.0,0.0
2026-05-10 20:52:30.590,371,1.0061163,0.30347094,0.4747247700000001,0.0,0.0,0.0
2026-05-10 20:52:30.600,372,1.0061163,0.30347094,0.4747247700000001,0.0,0.0,0.0
2026-05-10 20:52:30.610,373,1.0061163,0.30347094,0.4747247700000001,0.0,0.0,0.0
2026-05-10 20:52:30.620,374,1.0061163,0.30347094,0.4747247700000001,0.0,0.0,0.0
2026-05-10 20:52:30.630,375,1.0061163,0.30347094,0.4747247700000001,0.0,0.0,0.0
2026-05-10 20:52:30.640,376,1.0061163,0.30347094,0.47472477,0.0,0.0,0.0
2026-05-10 20:52:30.650,377,1.0061163,0.30347094,0.4747247700000001,0.0,0.0,0.0
2026-05-10 20:52:30.660,378,1.0061163,0.30347094,0.4747247700000001,0.0,0.0,0.0
2026-05-10 20:52:30.670,379,1.0061163,0.30347094,0.47472477,0.0,0.0,0.0
2026-05-10 20:52:30.680,380,1.12207195,0.03323394000000002,0.308922015,0.0,0.0,0.0
2026-05-10 20:52:30.690,381,1.2380276,-0.23700306,0.14311926,0.0,0.0,0.0
2026-05-10 20:52:30.700,382,1.2380276,-0.23700306,0.14311926,0.0,0.0,0.0
2026-05-10 20:52:30.710,383,1.2380276,-0.23700306,0.14311926,0.0,0.0,0.0
2026-05-10 20:52:30.720,384,1.2380276,-0.23700306000000002,0.14311926,0.0,0.0,0.0
2026-05-10 20:52:30.730,385,1.2380276,-0.23700306,0.14311926,0.0,0.0,0.0
2026-05-10 20:52:30.740,386,1.2380276,-0.23700306,0.14311926,0.0,0.0,0.0
2026-05-10 20:52:30.750,387,1.2380276,-0.23700306,0.14311926,0.0,0.0,0.0
2026-05-10 20:52:30.760,388,1.23506885,-0.27253057999999997,0.12161315,0.0,0.0,0.0
2026-05-10 20:52:30.770,389,1.2321101,-0.3080581,0.10010704,0.0,0.0,0.0
2026-05-10 20:52:30.780,390,1.2321101,-0.3080581,0.10010704,0.0,0.0,0.0
2026-05-10 20:52:30.790,391,1.2321101,-0.3080581,0.10010704,0.0,0.0,0.0
2026-05-10 20:52:30.800,392,1.2321101,-0.3080581,0.10010704,0.0,0.0,0.0
2026-05-10 20:52:30.810,393,1.2321101,-0.3080581,0.10010704,0.0,0.0,0.0
2026-05-10 20:52:30.820,394,1.2321101,-0.3080581,0.10010704,0.0,0.0,0.0
2026-05-10 20:52:30.830,395,1.2284760666666668,-0.3217176333333333,0.060993887999999996,0.0,0.0,0.0
2026-05-10 20:52:30.840,396,1.221208,-0.3490367,-0.017232416,0.0,0.0,0.0
2026-05-10 20:52:30.850,397,1.221208,-0.3490366999999999,-0.017232416,0.0,0.0,0.0
2026-05-10 20:52:30.860,398,1.221208,-0.3490367,-0.017232416,0.0,0.0,0.0
2026-05-10 20:52:30.870,399,1.221208,-0.3490366999999999,-0.017232416,0.0,0.0,0.0
2026-05-10 20:52:30.880,400,1.0968450666666667,-0.5472630333333334,-0.14852701866666665,0.0,0.0,0.0
2026-05-10 20:52:30.890,401,1.0346636,-0.6463762,-0.21417432,0.0,0.0,0.0
2026-05-10 20:52:30.900,402,0.80989295,-0.75178903,-0.34515287999999994,0.0,0.0,0.0
2026-05-10 20:52:30.910,403,0.80989295,-0.75178903,-0.34515288,0.0,0.0,0.0
2026-05-10 20:52:30.920,404,0.58368504,-0.8345566,-0.4205963,0.0,0.0,0.0
2026-05-10 20:52:30.930,405,0.58368504,-0.8345566,-0.4205963,0.0,0.0,0.0
2026-05-10 20:52:30.940,406,0.58368504,-0.8345566,-0.4205963,0.0,0.0,0.0
2026-05-10 20:52:30.950,407,0.58368504,-0.8345566,-0.4205963,0.0,0.0,0.0
2026-05-10 20:52:30.960,408,0.58368504,-0.8345566,-0.4205963,0.0,0.0,0.0
2026-05-10 20:52:30.970,409,0.58368504,-0.8345566,-0.4205963,0.0,0.0,0.0
2026-05-10 20:52:30.980,410,0.58368504,-0.8345566,-0.4205963,0.0,0.0,0.0
2026-05-10 20:52:30.990,411,0.3742049,-0.9179358,-0.43547399999999997,0.0,0.0,0.0
2026-05-10 20:52:31.000,412,0.3742049,-0.9179358,-0.43547399999999997,0.0,0.0,0.0
2026-05-10 20:52:31.010,413,0.3742049,-0.9179358,-0.435474,0.0,0.0,0.0
2026-05-10 20:52:31.020,414,0.3742049,-0.9179358,-0.43547399999999997,0.0,0.0,0.0
2026-05-10 20:52:31.030,415,0.3742049,-0.9179358,-0.43547399999999997,0.0,0.0,0.0
2026-05-10 20:52:31.040,416,0.3742049,-0.9179358,-0.435474,0.0,0.0,0.0
2026-05-10 20:52:31.050,417,0.16411315,-0.99633026,-0.47573394,0.0,0.0,0.0
2026-05-10 20:52:31.060,418,0.16411315,-0.99633026,-0.47573394,0.0,0.0,0.0
2026-05-10 20:52:31.070,419,0.16411315,-0.99633026,-0.47573394,0.0,0.0,0.0
2026-05-10 20:52:31.080,420,0.16411315,-0.99633026,-0.47573394,0.0,0.0,0.0
2026-05-10 20:52:31.090,421,0.16411315,-0.99633026,-0.47573394,0.0,0.0,0.0
2026-05-10 20:52:31.100,422,0.16411315,-0.99633026,-0.47573394,0.0,0.0,0.0
2026-05-10 20:52:31.110,423,0.05823649666666667,-1.04587154,-0.47729868000000003,0.0,0.0,0.0
2026-05-10 20:52:31.120,424,-0.27436544500000004,-1.18292815,-0.44883028,0.0,0.0,0.0
2026-05-10 20:52:31.130,425,-0.39521407999999997,-1.2209022,-0.4172324,0.0,0.0,0.0
2026-05-10 20:52:31.140,426,-0.39521408,-1.2209022,-0.4172324,0.0,0.0,0.0
2026-05-10 20:52:31.150,427,-0.39521407999999997,-1.2209022,-0.4172324,0.0,0.0,0.0
2026-05-10 20:52:31.160,428,-0.39521407999999997,-1.2209022,-0.4172324,0.0,0.0,0.0
2026-05-10 20:52:31.170,429,-0.484892985,-1.2299236,-0.384762985,0.0,0.0,0.0
2026-05-10 20:52:31.180,430,-0.7539297,-1.2569878,-0.28735474,0.0,0.0,0.0
2026-05-10 20:52:31.190,431,-0.7539297,-1.2569878,-0.28735474,0.0,0.0,0.0
2026-05-10 20:52:31.200,432,-0.7539297,-1.2569878,-0.28735474,0.0,0.0,0.0
2026-05-10 20:52:31.210,433,-0.7539297,-1.2569878,-0.28735474,0.0,0.0,0.0
2026-05-10 20:52:31.220,434,-0.7539297,-1.2569878,-0.28735474,0.0,0.0,0.0
2026-05-10 20:52:31.230,435,-1.3770642000000002,-1.2760398,0.08960245,0.0,0.0,0.0
2026-05-10 20:52:31.240,436,-1.3770642000000002,-1.2760398,0.08960245,0.0,0.0,0.0
2026-05-10 20:52:31.250,437,-1.3770642000000002,-1.2760398,0.08960245,0.0,0.0,0.0
2026-05-10 20:52:31.260,438,-1.3770642,-1.2760398,0.08960245,0.0,0.0,0.0
2026-05-10 20:52:31.270,439,-1.3770642000000002,-1.2760398,0.08960245,0.0,0.0,0.0
2026-05-10 20:52:31.280,440,-1.3770642000000002,-1.2760398,0.08960245,0.0,0.0,0.0
2026-05-10 20:52:31.290,441,-1.3770642000000002,-1.2760398,0.08960245,0.0,0.0,0.0
2026-05-10 20:52:31.300,442,-1.3770642000000002,-1.2760398,0.08960245,0.0,0.0,0.0
2026-05-10 20:52:31.310,443,-1.3770642000000002,-1.2760398,0.08960245,0.0,0.0,0.0
2026-05-10 20:52:31.320,444,-1.3770642,-1.2760398,0.08960245,0.0,0.0,0.0
2026-05-10 20:52:31.330,445,-1.3770642000000002,-1.2760398,0.08960245,0.0,0.0,0.0
2026-05-10 20:52:31.340,446,-1.3770642000000002,-1.2760398,0.08960245,0.0,0.0,0.0
2026-05-10 20:52:31.350,447,-1.3770642,-1.2760398,0.08960245,0.0,0.0,0.0
2026-05-10 20:52:31.360,448,-1.3770642000000002,-1.2760398,0.08960245,0.0,0.0,0.0
2026-05-10 20:52:31.370,449,-1.3770642000000002,-1.2760398,0.08960245,0.0,0.0,0.0
2026-05-10 20:52:31.380,450,-1.1969419,-1.2748165,0.25463304,0.0,0.0,0.0
2026-05-10 20:52:31.390,451,-1.1969419,-1.2748165,0.25463304,0.0,0.0,0.0
2026-05-10 20:52:31.400,452,-1.121330275,-1.2423509,0.25384557249999995,0.0,0.0,0.0
2026-05-10 20:52:31.410,453,-0.8944953999999999,-1.1449541,0.25148317,0.0,0.0,0.0
2026-05-10 20:52:31.420,454,-0.8944953999999999,-1.1449541,0.25148317,0.0,0.0,0.0
2026-05-10 20:52:31.430,455,-0.8944954,-1.1449541,0.25148317,0.0,0.0,0.0
2026-05-10 20:52:31.440,456,-0.8247043666666668,-1.1424413666666666,0.22949540333333332,0.0,0.0,0.0
2026-05-10 20:52:31.450,457,-0.6851223,-1.1374159,0.18551987,0.0,0.0,0.0
2026-05-10 20:52:31.460,458,-0.6851223000000001,-1.1374159,0.18551987,0.0,0.0,0.0
2026-05-10 20:52:31.470,459,-0.6851223000000001,-1.1374159,0.18551987,0.0,0.0,0.0
2026-05-10 20:52:31.480,460,-0.9233078333333333,-1.2600764333333334,0.25728339,0.0,0.0,0.0
2026-05-10 20:52:31.490,461,-1.0424006,-1.3214067,0.29316515,0.0,0.0,0.0
2026-05-10 20:52:31.500,462,-1.0424006,-1.3214067,0.29316515,0.0,0.0,0.0
2026-05-10 20:52:31.510,463,-1.0424006,-1.3214067,0.29316515,0.0,0.0,0.0
2026-05-10 20:52:31.520,464,-1.3887922,-1.4099847,0.61386853,0.0,0.0,0.0
2026-05-10 20:52:31.530,465,-1.3887922,-1.4099847,0.61386853,0.0,0.0,0.0
2026-05-10 20:52:31.540,466,-1.3887922,-1.4099847,0.61386853,0.0,0.0,0.0
2026-05-10 20:52:31.550,467,-1.3887922,-1.4099847,0.61386853,0.0,0.0,0.0
2026-05-10 20:52:31.560,468,-1.3887922,-1.4099847,0.61386853,0.0,0.0,0.0
2026-05-10 20:52:31.570,469,-1.3887922,-1.4099847,0.61386853,0.0,0.0,0.0
2026-05-10 20:52:31.580,470,-1.3887922,-1.4099847,0.61386853,0.0,0.0,0.0
2026-05-10 20:52:31.590,471,-1.3887922,-1.4099847,0.61386853,0.0,0.0,0.0
2026-05-10 20:52:31.600,472,-1.3887922,-1.4099847,0.61386853,0.0,0.0,0.0
2026-05-10 20:52:31.610,473,-1.3887922,-1.4099847,0.61386853,0.0,0.0,0.0
2026-05-10 20:52:31.620,474,-1.3887922,-1.4099847,0.61386853,0.0,0.0,0.0
2026-05-10 20:52:31.630,475,-1.4768961666666665,-1.4320387333333333,0.6797502866666667,0.0,0.0,0.0
2026-05-10 20:52:31.640,476,-1.6531041,-1.4761467999999998,0.8115137999999998,0.0,0.0,0.0
2026-05-10 20:52:31.650,477,-1.6531041,-1.4761467999999998,0.8115137999999998,0.0,0.0,0.0
2026-05-10 20:52:31.660,478,-1.9884148333333334,-1.3651682,0.7680887066666666,0.0,0.0,0.0
2026-05-10 20:52:31.670,479,-2.1560702,-1.3096789,0.74637616,0.0,0.0,0.0
2026-05-10 20:52:31.680,480,-2.1560702,-1.3096789,0.74637616,0.0,0.0,0.0
2026-05-10 20:52:31.690,481,-2.1560702,-1.3096789,0.74637616,0.0,0.0,0.0
2026-05-10 20:52:31.700,482,-2.1560702,-1.3096789,0.74637616,0.0,0.0,0.0
2026-05-10 20:52:31.710,483,-2.1560702,-1.3096789,0.74637616,0.0,0.0,0.0
2026-05-10 20:52:31.720,484,-2.3274694250000003,-1.216330225,0.7216858150000001,0.0,0.0,0.0
2026-05-10 20:52:31.730,485,-2.3846025,-1.185214,0.7134557,0.0,0.0,0.0
2026-05-10 20:52:31.740,486,-2.3846025,-1.185214,0.7134557,0.0,0.0,0.0
2026-05-10 20:52:31.750,487,-2.3846025,-1.185214,0.7134557,0.0,0.0,0.0
2026-05-10 20:52:31.760,488,-2.3846025,-1.185214,0.7134557,0.0,0.0,0.0
2026-05-10 20:52:31.770,489,-2.3831091333333334,-1.1805963000000002,0.7135219533333333,0.0,0.0,0.0
2026-05-10 20:52:31.780,490,-2.3801224,-1.1713609,0.71365446,0.0,0.0,0.0
2026-05-10 20:52:31.790,491,-2.3801224,-1.1713609,0.71365446,0.0,0.0,0.0
2026-05-10 20:52:31.800,492,-2.3801224,-1.1713609,0.71365446,0.0,0.0,0.0
2026-05-10 20:52:31.810,493,-2.198063133333333,-1.0761519,0.8189245533333334,0.0,0.0,0.0
2026-05-10 20:52:31.820,494,-2.1070335,-1.0285474,0.8715596,0.0,0.0,0.0
2026-05-10 20:52:31.830,495,-2.1070335,-1.0285474,0.8715596,0.0,0.0,0.0
2026-05-10 20:52:31.840,496,-2.1070335,-1.0285474,0.8715596,0.0,0.0,0.0
2026-05-10 20:52:31.850,497,-2.1070335,-1.0285474,0.8715596,0.0,0.0,0.0
2026-05-10 20:52:31.860,498,-1.1869572,-1.2364985,1.2713609,0.0,0.0,0.0
2026-05-10 20:52:31.870,499,-1.1869572,-1.2364985,1.2713609,0.0,0.0,0.0
2026-05-10 20:52:31.880,500,-1.19525384,-1.27003366,1.2622875,0.0,0.0,0.0
2026-05-10 20:52:31.890,501,-1.2035504799999999,-1.30356882,1.2532140999999999,0.0,0.0,0.0
2026-05-10 20:52:31.900,502,-1.21184712,-1.33710398,1.2441407,0.0,0.0,0.0
2026-05-10 20:52:31.910,503,-1.22014376,-1.37063914,1.2350672999999999,0.0,0.0,0.0
2026-05-10 20:52:31.920,504,-1.2284404,-1.4041743,1.2259939,0.0,0.0,0.0
2026-05-10 20:52:31.930,505,-1.2284404,-1.4041743,1.2259939,0.0,0.0,0.0
2026-05-10 20:52:31.940,506,-1.4597655333333333,-1.5417889666666669,0.9838634,0.0,0.0,0.0
2026-05-10 20:52:31.950,507,-1.5754281,-1.6105963,0.86279815,0.0,0.0,0.0
2026-05-10 20:52:31.960,508,-1.5754281,-1.6105963,0.86279815,0.0,0.0,0.0
2026-05-10 20:52:31.970,509,-1.5754281,-1.6105963,0.86279815,0.0,0.0,0.0
2026-05-10 20:52:31.980,510,-1.5754281,-1.6105963,0.86279815,0.0,0.0,0.0
2026-05-10 20:52:31.990,511,-1.5754281,-1.6105963,0.86279815,0.0,0.0,0.0
2026-05-10 20:52:32.000,512,-1.5754281,-1.6105963,0.86279815,0.0,0.0,0.0
2026-05-10 20:52:32.010,513,-1.5754281,-1.6105963,0.86279815,0.0,0.0,0.0
2026-05-10 20:52:32.020,514,-1.859526,-1.6587156,0.61896026,0.0,0.0,0.0
2026-05-10 20:52:32.030,515,-1.859526,-1.6587156,0.61896026,0.0,0.0,0.0
2026-05-10 20:52:32.040,516,-1.859526,-1.6587156,0.61896026,0.0,0.0,0.0
2026-05-10 20:52:32.050,517,-1.859526,-1.6587156,0.61896026,0.0,0.0,0.0
2026-05-10 20:52:32.060,518,-1.9666972666666667,-1.6602803000000002,0.56819572,0.0,0.0,0.0
2026-05-10 20:52:32.070,519,-2.1810398,-1.6634097,0.46666664,0.0,0.0,0.0
2026-05-10 20:52:32.080,520,-2.1810398,-1.6634097,0.46666663999999997,0.0,0.0,0.0
2026-05-10 20:52:32.090,521,-2.3318705333333334,-1.6048266333333334,0.45439856,0.0,0.0,0.0
2026-05-10 20:52:32.100,522,-2.633532,-1.4876605,0.4298624,0.0,0.0,0.0
2026-05-10 20:52:32.110,523,-2.633532,-1.4876604999999998,0.4298624,0.0,0.0,0.0
2026-05-10 20:52:32.120,524,-2.633532,-1.4876605,0.4298624,0.0,0.0,0.0
2026-05-10 20:52:32.130,525,-2.633532,-1.4876604999999998,0.4298624,0.0,0.0,0.0
2026-05-10 20:52:32.140,526,-2.633532,-1.4876605,0.4298624,0.0,0.0,0.0
2026-05-10 20:52:32.150,527,-2.633532,-1.4876604999999998,0.4298624,0.0,0.0,0.0
2026-05-10 20:52:32.160,528,-2.633532,-1.4876604999999998,0.4298624,0.0,0.0,0.0
2026-05-10 20:52:32.170,529,-2.633532,-1.4876605,0.4298624,0.0,0.0,0.0
2026-05-10 20:52:32.180,530,-2.633532,-1.4876604999999998,0.4298624,0.0,0.0,0.0
2026-05-10 20:52:32.190,531,-2.675072575,-1.4299388,0.4922247825,0.0,0.0,0.0
2026-05-10 20:52:32.200,532,-2.7996943,-1.2567737,0.67931193,0.0,0.0,0.0
2026-05-10 20:52:32.210,533,-2.7996943,-1.2567737,0.67931193,0.0,0.0,0.0
2026-05-10 20:52:32.220,534,-2.7996943,-1.2567737,0.67931193,0.0,0.0,0.0
2026-05-10 20:52:32.230,535,-2.7996943,-1.2567737,0.67931193,0.0,0.0,0.0
2026-05-10 20:52:32.240,536,-2.7996943,-1.2567737,0.67931193,0.0,0.0,0.0
2026-05-10 20:52:32.250,537,-2.7996943,-1.2567737,0.67931193,0.0,0.0,0.0
2026-05-10 20:52:32.260,538,-2.6535169333333335,-1.2307492333333334,0.6955861200000001,0.0,0.0,0.0
2026-05-10 20:52:32.270,539,-2.3611622,-1.1787003,0.7281345,0.0,0.0,0.0
2026-05-10 20:52:32.280,540,-1.76289,-1.1556575,0.6987768,0.0,0.0,0.0
2026-05-10 20:52:32.290,541,-1.7628899999999998,-1.1556575,0.6987768,0.0,0.0,0.0
2026-05-10 20:52:32.300,542,-1.7628899999999998,-1.1556575,0.6987768,0.0,0.0,0.0
2026-05-10 20:52:32.310,543,-1.68934255,-1.1512768,0.68302755,0.0,0.0,0.0
2026-05-10 20:52:32.320,544,-1.6157951,-1.1468961,0.6672783,0.0,0.0,0.0
2026-05-10 20:52:32.330,545,-1.6157951,-1.1468961,0.6672783,0.0,0.0,0.0
2026-05-10 20:52:32.340,546,-1.6157951,-1.1468961,0.6672783,0.0,0.0,0.0
2026-05-10 20:52:32.350,547,-1.6157951,-1.1468961,0.6672783,0.0,0.0,0.0
2026-05-10 20:52:32.360,548,-1.6157951,-1.1468961,0.6672783,0.0,0.0,0.0
2026-05-10 20:52:32.370,549,-1.6157951,-1.1468961,0.6672783,0.0,0.0,0.0
2026-05-10 20:52:32.380,550,-1.4239602,-1.079312,0.6487309,0.0,0.0,0.0
2026-05-10 20:52:32.390,551,-1.4239602,-1.079312,0.6487309,0.0,0.0,0.0
2026-05-10 20:52:32.400,552,-1.4239602,-1.079312,0.6487309,0.0,0.0,0.0
2026-05-10 20:52:32.410,553,-1.471735425,-1.0758716000000002,0.6544648,0.0,0.0,0.0
2026-05-10 20:52:32.420,554,-1.4876604999999998,-1.0747248,0.6563761,0.0,0.0,0.0
2026-05-10 20:52:32.430,555,-1.4876604999999998,-1.0747248,0.6563761,0.0,0.0,0.0
2026-05-10 20:52:32.440,556,-1.4876605,-1.0747248,0.6563761,0.0,0.0,0.0
2026-05-10 20:52:32.450,557,-1.4876604999999998,-1.0747248,0.6563761,0.0,0.0,0.0
2026-05-10 20:52:32.460,558,-1.4876604999999998,-1.0747248,0.6563761,0.0,0.0,0.0
2026-05-10 20:52:32.470,559,-1.4876605,-1.0747248,0.6563761,0.0,0.0,0.0
2026-05-10 20:52:32.480,560,-1.4876604999999998,-1.0747248,0.6563761,0.0,0.0,0.0
2026-05-10 20:52:32.490,561,-1.4876604999999998,-1.0747248,0.6563761,0.0,0.0,0.0
2026-05-10 20:52:32.500,562,-1.4876604999999998,-1.0747248,0.6563761,0.0,0.0,0.0
2026-05-10 20:52:32.510,563,-1.4876604999999998,-1.0747248,0.6563761,0.0,0.0,0.0
2026-05-10 20:52:32.520,564,-1.7439295666666668,-0.9903822666666667,0.6988430333333334,0.0,0.0,0.0
2026-05-10 20:52:32.530,565,-1.8720641,-0.948211,0.7200764999999999,0.0,0.0,0.0
2026-05-10 20:52:32.540,566,-1.8720641,-0.948211,0.7200765,0.0,0.0,0.0
2026-05-10 20:52:32.550,567,-1.8720641,-0.948211,0.7200764999999999,0.0,0.0,0.0
2026-05-10 20:52:32.560,568,-1.8720641,-0.948211,0.7200764999999999,0.0,0.0,0.0
2026-05-10 20:52:32.570,569,-2.316712566666667,-0.8973139666666667,0.8089042333333333,0.0,0.0,0.0
2026-05-10 20:52:32.580,570,-2.5390368,-0.87186545,0.8533181,0.0,0.0,0.0
2026-05-10 20:52:32.590,571,-2.8012233,-0.86697245,0.8533181,0.0,0.0,0.0
2026-05-10 20:52:32.600,572,-2.8012233,-0.86697245,0.8533181,0.0,0.0,0.0
2026-05-10 20:52:32.610,573,-2.893471,-0.8081499,0.80570334,0.0,0.0,0.0
2026-05-10 20:52:32.620,574,-2.893471,-0.8081499,0.80570334,0.0,0.0,0.0
2026-05-10 20:52:32.630,575,-2.893471,-0.8081499,0.80570334,0.0,0.0,0.0
2026-05-10 20:52:32.640,576,-2.893471,-0.8081499,0.80570334,0.0,0.0,0.0
2026-05-10 20:52:32.650,577,-2.6064222,-0.52772176,0.23383792,0.0,0.0,0.0
2026-05-10 20:52:32.660,578,-2.6064222,-0.52772176,0.23383792,0.0,0.0,0.0
2026-05-10 20:52:32.670,579,-2.5695567333333336,-0.5143680266666667,0.181850152,0.0,0.0,0.0
2026-05-10 20:52:32.680,580,-2.4958258,-0.48766055999999997,0.077874616,0.0,0.0,0.0
2026-05-10 20:52:32.690,581,-2.4958258,-0.48766055999999997,0.077874616,0.0,0.0,0.0
2026-05-10 20:52:32.700,582,-2.3801224,-0.4767584,0.042003058,0.0,0.0,0.0
2026-05-10 20:52:32.710,583,-2.3801224,-0.4767584,0.042003058,0.0,0.0,0.0
2026-05-10 20:52:32.720,584,-2.3801224,-0.4767584,0.042003058,0.0,0.0,0.0
2026-05-10 20:52:32.730,585,-2.3801224,-0.4767584,0.042003058,0.0,0.0,0.0
2026-05-10 20:52:32.740,586,-2.3550102666666666,-0.4730886766666667,0.040948012,0.0,0.0,0.0
2026-05-10 20:52:32.750,587,-2.304786,-0.46574923,0.03883792,0.0,0.0,0.0
2026-05-10 20:52:32.760,588,-2.196529,-0.44997961000000003,0.17420999333333334,0.0,0.0,0.0
2026-05-10 20:52:32.770,589,-2.1424005,-0.4420948,0.24189603,0.0,0.0,0.0
2026-05-10 20:52:32.780,590,-2.1424005,-0.4420948,0.24189603,0.0,0.0,0.0
2026-05-10 20:52:32.790,591,-2.1424005,-0.4420948,0.24189603,0.0,0.0,0.0
2026-05-10 20:52:32.800,592,-2.1424005,-0.4420948,0.24189603,0.0,0.0,0.0
2026-05-10 20:52:32.810,593,-2.1157950666666667,-0.4418246666666667,0.26948522,0.0,0.0,0.0
2026-05-10 20:52:32.820,594,-2.0625842,-0.4412844,0.3246636,0.0,0.0,0.0
2026-05-10 20:52:32.830,595,-2.0625842,-0.4412844,0.3246636,0.0,0.0,0.0
2026-05-10 20:52:32.840,596,-2.0625842,-0.4412844,0.3246636,0.0,0.0,0.0
2026-05-10 20:52:32.850,597,-2.0625842,-0.4412844,0.3246636,0.0,0.0,0.0
2026-05-10 20:52:32.860,598,-2.01564225,-0.432010715,0.32930429,0.0,0.0,0.0
2026-05-10 20:52:32.870,599,-1.9687003,-0.42273703,0.33394498,0.0,0.0,0.0
2026-05-10 20:52:32.880,600,-1.9687003,-0.42273703,0.33394498,0.0,0.0,0.0
2026-05-10 20:52:32.890,601,-1.9687003,-0.42273703,0.33394498,0.0,0.0,0.0
2026-05-10 20:52:32.900,602,-1.9687003,-0.42273703,0.33394498,0.0,0.0,0.0
2026-05-10 20:52:32.910,603,-1.9687003,-0.42273703,0.33394498,0.0,0.0,0.0
2026-05-10 20:52:32.920,604,-1.9687003,-0.42273703,0.33394498,0.0,0.0,0.0
2026-05-10 20:52:32.930,605,-1.9687003,-0.42273703,0.33394498,0.0,0.0,0.0
2026-05-10 20:52:32.940,606,-1.9687003,-0.42273703,0.33394498,0.0,0.0,0.0
2026-05-10 20:52:32.950,607,-1.9687003,-0.42273703,0.33394498,0.0,0.0,0.0
2026-05-10 20:52:32.960,608,-1.9687003,-0.42273703,0.33394498,0.0,0.0,0.0
2026-05-10 20:52:32.970,609,-1.9687003,-0.42273703,0.33394498,0.0,0.0,0.0
2026-05-10 20:52:32.980,610,-1.9687003,-0.42273703,0.33394498,0.0,0.0,0.0
2026-05-10 20:52:32.990,611,-1.9563353666666667,-0.43469420000000003,0.33207442666666664,0.0,0.0,0.0
2026-05-10 20:52:33.000,612,-1.9316055,-0.45860854,0.32833332,0.0,0.0,0.0
2026-05-10 20:52:33.010,613,-1.9316055,-0.45860854,0.32833332,0.0,0.0,0.0
2026-05-10 20:52:33.020,614,-1.9316055,-0.45860854,0.32833332,0.0,0.0,0.0
2026-05-10 20:52:33.030,615,-1.9316055,-0.45860854,0.32833332,0.0,0.0,0.0
2026-05-10 20:52:33.040,616,-1.9316055,-0.45860854,0.32833332,0.0,0.0,0.0
2026-05-10 20:52:33.050,617,-1.9316055,-0.45860854,0.32833332,0.0,0.0,0.0
2026-05-10 20:52:33.060,618,-1.7938839,-0.5804281,0.45790520000000007,0.0,0.0,0.0
2026-05-10 20:52:33.070,619,-1.7938839,-0.5804281,0.45790520000000007,0.0,0.0,0.0
2026-05-10 20:52:33.080,620,-1.7938839,-0.5804281,0.45790520000000007,0.0,0.0,0.0
2026-05-10 20:52:33.090,621,-1.7938839,-0.5804281,0.4579052,0.0,0.0,0.0
2026-05-10 20:52:33.100,622,-1.7938839,-0.5804281,0.45790520000000007,0.0,0.0,0.0
2026-05-10 20:52:33.110,623,-1.7938839,-0.5804281,0.4579052,0.0,0.0,0.0
2026-05-10 20:52:33.120,624,-1.7938839,-0.5804281,0.45790520000000007,0.0,0.0,0.0
2026-05-10 20:52:33.130,625,-1.7938839,-0.5804281,0.45790520000000007,0.0,0.0,0.0
2026-05-10 20:52:33.140,626,-1.8269649000000001,-0.5554052,0.43216361000000003,0.0,0.0,0.0
2026-05-10 20:52:33.150,627,-1.8472681,-0.5414577333333334,0.41814475333333334,0.0,0.0,0.0
2026-05-10 20:52:33.160,628,-1.8217125,-0.5636086,0.44159022,0.0,0.0,0.0
2026-05-10 20:52:33.170,629,-1.8217125,-0.5636086,0.44159022,0.0,0.0,0.0
2026-05-10 20:52:33.180,630,-1.8217125,-0.5636086,0.44159022,0.0,0.0,0.0
2026-05-10 20:52:33.190,631,-1.8217125,-0.5636086,0.44159022,0.0,0.0,0.0
2026-05-10 20:52:33.200,632,-1.8217125,-0.5636086,0.44159022,0.0,0.0,0.0
2026-05-10 20:52:33.210,633,-1.8217125,-0.5636086,0.44159022,0.0,0.0,0.0
2026-05-10 20:52:33.220,634,-1.8217125,-0.5636086,0.44159022,0.0,0.0,0.0
2026-05-10 20:52:33.230,635,-1.8217125,-0.5636086,0.44159022,0.0,0.0,0.0
2026-05-10 20:52:33.240,636,-1.8217125,-0.5636086,0.44159022,0.0,0.0,0.0
2026-05-10 20:52:33.250,637,-1.8217125,-0.5636086,0.44159022,0.0,0.0,0.0
2026-05-10 20:52:33.260,638,-1.8217125,-0.5636086,0.44159022,0.0,0.0,0.0
2026-05-10 20:52:33.270,639,-1.84862385,-0.7332263,0.605099415,0.0,0.0,0.0
2026-05-10 20:52:33.280,640,-1.8530122,-0.7974465,0.65412843,0.0,0.0,0.0
2026-05-10 20:52:33.290,641,-1.8530122,-0.7974465,0.65412843,0.0,0.0,0.0
2026-05-10 20:52:33.300,642,-1.8530122,-0.7974465,0.65412843,0.0,0.0,0.0
2026-05-10 20:52:33.310,643,-1.8530122,-0.7974465,0.65412843,0.0,0.0,0.0
2026-05-10 20:52:33.320,644,-1.8530122,-0.7974465,0.65412843,0.0,0.0,0.0
2026-05-10 20:52:33.330,645,-1.8530122,-0.7974465,0.65412843,0.0,0.0,0.0
2026-05-10 20:52:33.340,646,-1.8574617333333334,-0.8268756533333333,0.6939194533333333,0.0,0.0,0.0
2026-05-10 20:52:33.350,647,-1.9214067333333336,-0.95117736,0.77118754,0.0,0.0,0.0
2026-05-10 20:52:33.360,648,-1.9489297,-0.98389906,0.77003056,0.0,0.0,0.0
2026-05-10 20:52:33.370,649,-1.9489297,-0.98389906,0.77003056,0.0,0.0,0.0
2026-05-10 20:52:33.380,650,-1.9489297,-0.98389906,0.77003056,0.0,0.0,0.0
2026-05-10 20:52:33.390,651,-1.9489297,-0.98389906,0.77003056,0.0,0.0,0.0
2026-05-10 20:52:33.400,652,-1.9489297,-0.98389906,0.77003056,0.0,0.0,0.0
2026-05-10 20:52:33.410,653,-1.9489297,-0.98389906,0.77003056,0.0,0.0,0.0
2026-05-10 20:52:33.420,654,-1.9489297,-0.98389906,0.77003056,0.0,0.0,0.0
2026-05-10 20:52:33.430,655,-1.9489297,-0.98389906,0.77003056,0.0,0.0,0.0
2026-05-10 20:52:33.440,656,-1.9489297,-0.98389906,0.77003056,0.0,0.0,0.0
2026-05-10 20:52:33.450,657,-1.9489297,-0.98389906,0.77003056,0.0,0.0,0.0
2026-05-10 20:52:33.460,658,-1.9489297,-0.98389906,0.77003056,0.0,0.0,0.0
2026-05-10 20:52:33.470,659,-1.9489297,-0.98389906,0.77003056,0.0,0.0,0.0
2026-05-10 20:52:33.480,660,-1.9489297,-0.98389906,0.77003056,0.0,0.0,0.0
2026-05-10 20:52:33.490,661,-1.9489297,-0.98389906,0.77003056,0.0,0.0,0.0
2026-05-10 20:52:33.500,662,-1.9489297,-0.98389906,0.77003056,0.0,0.0,0.0
2026-05-10 20:52:33.510,663,-1.9489297,-0.98389906,0.77003056,0.0,0.0,0.0
2026-05-10 20:52:33.520,664,-2.016315,-1.088578,0.7330275,0.0,0.0,0.0
2026-05-10 20:52:33.530,665,-2.016315,-1.088578,0.7330275,0.0,0.0,0.0
2026-05-10 20:52:33.540,666,-2.016315,-1.088578,0.7330275,0.0,0.0,0.0
2026-05-10 20:52:33.550,667,-2.016315,-1.088578,0.7330275,0.0,0.0,0.0
2026-05-10 20:52:33.560,668,-2.016315,-1.088578,0.7330275,0.0,0.0,0.0
2026-05-10 20:52:33.570,669,-2.016315,-1.088578,0.7330275,0.0,0.0,0.0
2026-05-10 20:52:33.580,670,-2.016315,-1.088578,0.7330275,0.0,0.0,0.0
2026-05-10 20:52:33.590,671,-2.016315,-1.088578,0.7330275,0.0,0.0,0.0
2026-05-10 20:52:33.600,672,-2.0521865,-1.1508715,0.7705352,0.0,0.0,0.0
2026-05-10 20:52:33.610,673,-2.0521865,-1.1508715,0.7705352,0.0,0.0,0.0
2026-05-10 20:52:33.620,674,-2.0521865,-1.1508715,0.7705352,0.0,0.0,0.0
2026-05-10 20:52:33.630,675,-2.0521865,-1.1508715,0.7705352,0.0,0.0,0.0
2026-05-10 20:52:33.640,676,-2.102543266666667,-1.2011263666666667,0.78966872,0.0,0.0,0.0
2026-05-10 20:52:33.650,677,-2.2032568,-1.3016361,0.82793576,0.0,0.0,0.0
2026-05-10 20:52:33.660,678,-2.2032568,-1.3016361,0.82793576,0.0,0.0,0.0
2026-05-10 20:52:33.670,679,-2.21008785,-1.3108601,0.811395245,0.0,0.0,0.0
2026-05-10 20:52:33.680,680,-2.230581,-1.3385321,0.7617737,0.0,0.0,0.0
2026-05-10 20:52:33.690,681,-2.230581,-1.3385321,0.7617737,0.0,0.0,0.0
2026-05-10 20:52:33.700,682,-2.230581,-1.3385321,0.7617737,0.0,0.0,0.0
2026-05-10 20:52:33.710,683,-2.230581,-1.3385321,0.7617737,0.0,0.0,0.0
2026-05-10 20:52:33.720,684,-2.230581,-1.3385321,0.7617737,0.0,0.0,0.0
2026-05-10 20:52:33.730,685,-2.230581,-1.3385321,0.7617737,0.0,0.0,0.0
2026-05-10 20:52:33.740,686,-2.230581,-1.3385321,0.7617737,0.0,0.0,0.0
2026-05-10 20:52:33.750,687,-2.230581,-1.3385321,0.7617737,0.0,0.0,0.0
2026-05-10 20:52:33.760,688,-2.230581,-1.3385321,0.7617737,0.0,0.0,0.0
2026-05-10 20:52:33.770,689,-2.230581,-1.3385321,0.7617737,0.0,0.0,0.0
2026-05-10 20:52:33.780,690,-2.1801530000000002,-1.3632721666666665,0.7393475666666666,0.0,0.0,0.0
2026-05-10 20:52:33.790,691,-2.154939,-1.3756422,0.7281345,0.0,0.0,0.0
2026-05-10 20:52:33.800,692,-2.154939,-1.3756422,0.7281345,0.0,0.0,0.0
2026-05-10 20:52:33.810,693,-2.154939,-1.3756422,0.7281345,0.0,0.0,0.0
2026-05-10 20:52:33.820,694,-2.120695725,-1.4027064,0.728673525,0.0,0.0,0.0
2026-05-10 20:52:33.830,695,-2.1092813,-1.4117278000000002,0.7288532,0.0,0.0,0.0
2026-05-10 20:52:33.840,696,-2.1092813,-1.4117278,0.7288532,0.0,0.0,0.0
2026-05-10 20:52:33.850,697,-2.1092813,-1.4117278000000002,0.7288532,0.0,0.0,0.0
2026-05-10 20:52:33.860,698,-2.1092813,-1.4117278000000002,0.7288532,0.0,0.0,0.0
2026-05-10 20:52:33.870,699,-2.1092813,-1.4117278,0.7288532,0.0,0.0,0.0
2026-05-10 20:52:33.880,700,-2.1092813,-1.4117278000000002,0.7288532,0.0,0.0,0.0
2026-05-10 20:52:33.890,701,-2.0924349500000003,-1.413792025,0.7289029,0.0,0.0,0.0
2026-05-10 20:52:33.900,702,-2.0418959,-1.4199846999999999,0.7290519999999999,0.0,0.0,0.0
2026-05-10 20:52:33.910,703,-2.0418959,-1.4199847,0.729052,0.0,0.0,0.0
2026-05-10 20:52:33.920,704,-2.0418959,-1.4199846999999999,0.7290519999999999,0.0,0.0,0.0
2026-05-10 20:52:33.930,705,-2.0418959,-1.4199846999999999,0.7290519999999999,0.0,0.0,0.0
2026-05-10 20:52:33.940,706,-2.0418959,-1.4199846999999999,0.7290519999999999,0.0,0.0,0.0
2026-05-10 20:52:33.950,707,-2.0418959,-1.4199846999999999,0.7290519999999999,0.0,0.0,0.0
2026-05-10 20:52:33.960,708,-2.0291181666666667,-1.4054383000000001,0.7133537333333333,0.0,0.0,0.0
2026-05-10 20:52:33.970,709,-1.9980274999999998,-1.3512690666666665,0.6710499666666667,0.0,0.0,0.0
2026-05-10 20:52:33.980,710,-1.9869571,-1.3011162,0.6492355,0.0,0.0,0.0
2026-05-10 20:52:33.990,711,-1.9869571,-1.3011162,0.6492355,0.0,0.0,0.0
2026-05-10 20:52:34.000,712,-1.9869571,-1.3011162,0.6492355,0.0,0.0,0.0
2026-05-10 20:52:34.010,713,-1.9869571,-1.3011162,0.6492355,0.0,0.0,0.0
2026-05-10 20:52:34.020,714,-1.9869571,-1.3011162,0.6492355,0.0,0.0,0.0
2026-05-10 20:52:34.030,715,-1.9869571,-1.3011162,0.6492355,0.0,0.0,0.0
2026-05-10 20:52:34.040,716,-1.9869571,-1.3011162,0.6492355,0.0,0.0,0.0
2026-05-10 20:52:34.050,717,-1.9869571,-1.3011162,0.6492355,0.0,0.0,0.0
2026-05-10 20:52:34.060,718,-1.9697297999999999,-1.2824312000000002,0.6718654533333334,0.0,0.0,0.0
2026-05-10 20:52:34.070,719,-1.9352752000000002,-1.2450612,0.7171253600000002,0.0,0.0,0.0
2026-05-10 20:52:34.080,720,-1.9352752,-1.2450612,0.71712536,0.0,0.0,0.0
2026-05-10 20:52:34.090,721,-1.9352752000000002,-1.2450612,0.7171253600000002,0.0,0.0,0.0
2026-05-10 20:52:34.100,722,-1.9352752000000002,-1.2450612,0.7171253600000002,0.0,0.0,0.0
2026-05-10 20:52:34.110,723,-1.9352752000000002,-1.2450612,0.7171253600000002,0.0,0.0,0.0
2026-05-10 20:52:34.120,724,-1.9352752,-1.2450612,0.71712536,0.0,0.0,0.0
2026-05-10 20:52:34.130,725,-1.9352752000000002,-1.2450612,0.7171253600000002,0.0,0.0,0.0
2026-05-10 20:52:34.140,726,-1.8442761333333333,-1.2377217333333332,0.77632008,0.0,0.0,0.0
2026-05-10 20:52:34.150,727,-1.7987766,-1.234052,0.80591744,0.0,0.0,0.0
2026-05-10 20:52:34.160,728,-1.7987766,-1.234052,0.80591744,0.0,0.0,0.0
2026-05-10 20:52:34.170,729,-1.7987766,-1.234052,0.80591744,0.0,0.0,0.0
2026-05-10 20:52:34.180,730,-1.7987766,-1.234052,0.80591744,0.0,0.0,0.0
2026-05-10 20:52:34.190,731,-1.65173535,-1.2327217,0.8642737199999999,0.0,0.0,0.0
2026-05-10 20:52:34.200,732,-1.5046941,-1.2313914,0.92263,0.0,0.0,0.0
2026-05-10 20:52:34.210,733,-1.5046941,-1.2313914,0.92263,0.0,0.0,0.0
2026-05-10 20:52:34.220,734,-1.5046941,-1.2313914,0.92263,0.0,0.0,0.0
2026-05-10 20:52:34.230,735,-1.5046941,-1.2313914,0.92263,0.0,0.0,0.0
2026-05-10 20:52:34.240,736,-1.5046941,-1.2313914,0.92263,0.0,0.0,0.0
2026-05-10 20:52:34.250,737,-1.5046941,-1.2313914,0.92263,0.0,0.0,0.0
2026-05-10 20:52:34.260,738,-1.5046941,-1.2313914,0.92263,0.0,0.0,0.0
2026-05-10 20:52:34.270,739,-1.5046941,-1.2313914,0.92263,0.0,0.0,0.0
2026-05-10 20:52:34.280,740,-1.5046941,-1.2313914,0.92263,0.0,0.0,0.0
2026-05-10 20:52:34.290,741,-1.444292775,-1.1781116999999999,0.920256175,0.0,0.0,0.0
2026-05-10 20:52:34.300,742,-1.4241590000000002,-1.1603518,0.9194649,0.0,0.0,0.0
2026-05-10 20:52:34.310,743,-1.3264985,-1.1349694,0.8086697,0.0,0.0,0.0
2026-05-10 20:52:34.320,744,-1.3201784333333333,-1.1089348,0.7608205933333334,0.0,0.0,0.0
2026-05-10 20:52:34.330,745,-1.3170184,-1.0959175,0.73689604,0.0,0.0,0.0
2026-05-10 20:52:34.340,746,-1.3675573,-1.0549426,0.68545111,0.0,0.0,0.0
2026-05-10 20:52:34.350,747,-1.3844036,-1.0412843,0.6683027999999999,0.0,0.0,0.0
2026-05-10 20:52:34.360,748,-1.3844036,-1.0412843,0.6683027999999999,0.0,0.0,0.0
2026-05-10 20:52:34.370,749,-1.3844036,-1.0412843,0.6683028,0.0,0.0,0.0
2026-05-10 20:52:34.380,750,-1.3844036,-1.0412843,0.6683027999999999,0.0,0.0,0.0
2026-05-10 20:52:34.390,751,-1.3844036,-1.0412843,0.6683027999999999,0.0,0.0,0.0
2026-05-10 20:52:34.400,752,-1.3844036,-1.0412843,0.6683027999999999,0.0,0.0,0.0
2026-05-10 20:52:34.410,753,-1.3844036,-1.0412843,0.6683027999999999,0.0,0.0,0.0
2026-05-10 20:52:34.420,754,-1.3844036,-1.0412843,0.6683027999999999,0.0,0.0,0.0
2026-05-10 20:52:34.430,755,-1.3844036,-1.0412843,0.6683027999999999,0.0,0.0,0.0
2026-05-10 20:52:34.440,756,-1.3844036,-1.0412843,0.6683027999999999,0.0,0.0,0.0
2026-05-10 20:52:34.450,757,-1.3844036,-1.0412843,0.6683027999999999,0.0,0.0,0.0
2026-05-10 20:52:34.460,758,-1.3863404333333333,-1.0421661,0.6672477333333333,0.0,0.0,0.0
2026-05-10 20:52:34.470,759,-1.3902141,-1.0439297,0.6651376,0.0,0.0,0.0
2026-05-10 20:52:34.480,760,-1.3902141,-1.0439297,0.6651376,0.0,0.0,0.0
2026-05-10 20:52:34.490,761,-1.3902141,-1.0439297,0.6651376,0.0,0.0,0.0
2026-05-10 20:52:34.500,762,-1.3902141,-1.0439297,0.6651376,0.0,0.0,0.0
2026-05-10 20:52:34.510,763,-1.3902141,-1.0439297,0.6651376,0.0,0.0,0.0
2026-05-10 20:52:34.520,764,-1.3902141,-1.0439297,0.6651376,0.0,0.0,0.0
2026-05-10 20:52:34.530,765,-1.0651070733333332,-1.1449897666666666,0.6792762666666666,0.0,0.0,0.0
2026-05-10 20:52:34.540,766,-0.90255356,-1.1955198,0.6863456,0.0,0.0,0.0
2026-05-10 20:52:34.550,767,-0.90255356,-1.1955198,0.6863456,0.0,0.0,0.0
2026-05-10 20:52:34.560,768,-0.90255356,-1.1955198,0.6863456,0.0,0.0,0.0
2026-05-10 20:52:34.570,769,-0.90255356,-1.1955198,0.6863456,0.0,0.0,0.0
2026-05-10 20:52:34.580,770,-0.71295106,-1.2545413,0.59561163,0.0,0.0,0.0
2026-05-10 20:52:34.590,771,-0.71295106,-1.2545413,0.59561163,0.0,0.0,0.0
2026-05-10 20:52:34.600,772,-0.71295106,-1.2545413,0.59561163,0.0,0.0,0.0
2026-05-10 20:52:34.610,773,-0.71295106,-1.2545413,0.59561163,0.0,0.0,0.0
2026-05-10 20:52:34.620,774,-0.71295106,-1.2545413,0.59561163,0.0,0.0,0.0
2026-05-10 20:52:34.630,775,-0.71295106,-1.2545413,0.59561163,0.0,0.0,0.0
2026-05-10 20:52:34.640,776,-0.5633384166666666,-1.2681294333333335,0.5165086766666667,0.0,0.0,0.0
2026-05-10 20:52:34.650,777,-0.26411313,-1.2953057,0.35830277000000005,0.0,0.0,0.0
2026-05-10 20:52:34.660,778,-0.26411313,-1.2953057,0.35830277000000005,0.0,0.0,0.0
2026-05-10 20:52:34.670,779,-0.26411313,-1.2953057,0.35830277,0.0,0.0,0.0
2026-05-10 20:52:34.680,780,-0.26411313,-1.2953057,0.35830277000000005,0.0,0.0,0.0
2026-05-10 20:52:34.690,781,-0.26411313,-1.2953057,0.35830277000000005,0.0,0.0,0.0
2026-05-10 20:52:34.700,782,-0.26411313,-1.2953057,0.35830277000000005,0.0,0.0,0.0
2026-05-10 20:52:34.710,783,-0.05035168,-1.2601377,0.19866971999999997,0.0,0.0,0.0
2026-05-10 20:52:34.720,784,-0.05035168,-1.2601377,0.19866971999999997,0.0,0.0,0.0
2026-05-10 20:52:34.730,785,0.12752293,-1.133945,0.04423547,0.0,0.0,0.0
2026-05-10 20:52:34.740,786,0.12752293,-1.133945,0.04423547,0.0,0.0,0.0
2026-05-10 20:52:34.750,787,0.12752293,-1.133945,0.04423547,0.0,0.0,0.0
2026-05-10 20:52:34.760,788,0.12752293,-1.133945,0.04423547,0.0,0.0,0.0
2026-05-10 20:52:34.770,789,0.1901108475,-1.089296675,0.010955653749999999,0.0,0.0,0.0
2026-05-10 20:52:34.780,790,0.4955096666666667,-0.8855555666666666,-0.09751783833333333,0.0,0.0,0.0
2026-05-10 20:52:34.790,791,0.5543272,-0.8506575,-0.10183486000000001,0.0,0.0,0.0
2026-05-10 20:52:34.800,792,0.5543272,-0.8506575,-0.10183486000000001,0.0,0.0,0.0
2026-05-10 20:52:34.810,793,0.5543272,-0.8506575,-0.10183486,0.0,0.0,0.0
2026-05-10 20:52:34.820,794,0.5543272,-0.8506575,-0.10183486000000001,0.0,0.0,0.0
2026-05-10 20:52:34.830,795,0.5543272,-0.8506575,-0.10183486000000001,0.0,0.0,0.0
2026-05-10 20:52:34.840,796,0.5543272,-0.8506575,-0.10183486000000001,0.0,0.0,0.0
2026-05-10 20:52:34.850,797,0.5543272,-0.8506575,-0.10183486,0.0,0.0,0.0
2026-05-10 20:52:34.860,798,0.5543272,-0.8506575,-0.10183486000000001,0.0,0.0,0.0
2026-05-10 20:52:34.870,799,0.5543272,-0.8506575,-0.10183486000000001,0.0,0.0,0.0
2026-05-10 20:52:34.880,800,0.5858970333333334,-0.8224923666666667,-0.12055555666666666,0.0,0.0,0.0
2026-05-10 20:52:34.890,801,0.70081043,-0.65657496,-0.20071866,0.0,0.0,0.0
2026-05-10 20:52:34.900,802,0.7008104300000001,-0.65657496,-0.20071866000000002,0.0,0.0,0.0
2026-05-10 20:52:34.910,803,0.7008104300000001,-0.65657496,-0.20071866000000002,0.0,0.0,0.0
2026-05-10 20:52:34.920,804,0.77992356,-0.46330272999999994,-0.22680429,0.0,0.0,0.0
2026-05-10 20:52:34.930,805,0.77992356,-0.46330272999999994,-0.22680429,0.0,0.0,0.0
2026-05-10 20:52:34.940,806,0.84284912,-0.4246330166666667,-0.20128949999999998,0.0,0.0,0.0
2026-05-10 20:52:34.950,807,0.906529,-0.38685015000000006,-0.15340978,0.0,0.0,0.0
2026-05-10 20:52:34.960,808,0.906529,-0.38685015000000006,-0.15340978,0.0,0.0,0.0
2026-05-10 20:52:34.970,809,0.906529,-0.38685015,-0.15340978,0.0,0.0,0.0
2026-05-10 20:52:34.980,810,0.906529,-0.38685015000000006,-0.15340978,0.0,0.0,0.0
2026-05-10 20:52:34.990,811,0.906529,-0.38685015000000006,-0.15340978,0.0,0.0,0.0
2026-05-10 20:52:35.000,812,0.9441438,-0.3204893,-0.073593274,0.0,0.0,0.0
2026-05-10 20:52:35.010,813,0.9441438,-0.3204893,-0.073593274,0.0,0.0,0.0
2026-05-10 20:52:35.020,814,1.0285933,-0.22130734,0.048425078,0.0,0.0,0.0
2026-05-10 20:52:35.030,815,1.1130428,-0.12212538,0.17044343000000003,0.0,0.0,0.0
2026-05-10 20:52:35.040,816,1.1130428,-0.12212538,0.17044343000000003,0.0,0.0,0.0
2026-05-10 20:52:35.050,817,1.1130428,-0.12212538,0.17044343000000003,0.0,0.0,0.0
2026-05-10 20:52:35.060,818,1.1130428,-0.12212538,0.17044343000000003,0.0,0.0,0.0
2026-05-10 20:52:35.070,819,1.1130428,-0.12212538,0.17044343,0.0,0.0,0.0
2026-05-10 20:52:35.080,820,1.1130428,-0.12212538,0.17044343000000003,0.0,0.0,0.0
2026-05-10 20:52:35.090,821,1.1130428,-0.12212538,0.17044343000000003,0.0,0.0,0.0
2026-05-10 20:52:35.100,822,1.1130428,-0.12212538,0.17044343000000003,0.0,0.0,0.0
2026-05-10 20:52:35.110,823,1.1130428,-0.12212538,0.17044343000000003,0.0,0.0,0.0
2026-05-10 20:52:35.120,824,1.1130428,-0.12212538,0.17044343,0.0,0.0,0.0
2026-05-10 20:52:35.130,825,1.1130428,-0.12212538,0.17044343000000003,0.0,0.0,0.0
2026-05-10 20:52:35.140,826,1.1130428,-0.12212538,0.17044343000000003,0.0,0.0,0.0
2026-05-10 20:52:35.150,827,1.1130428,-0.12212538,0.17044343000000003,0.0,0.0,0.0
2026-05-10 20:52:35.160,828,1.1440367333333334,0.134892978,0.25379206000000004,0.0,0.0,0.0
2026-05-10 20:52:35.170,829,1.1342508,0.48623857,0.35321102,0.0,0.0,0.0
2026-05-10 20:52:35.180,830,1.1342508,0.48623857,0.35321102,0.0,0.0,0.0
2026-05-10 20:52:35.190,831,1.1543680333333333,0.40132520666666666,0.31977575333333336,0.0,0.0,0.0
2026-05-10 20:52:35.200,832,1.1946025,0.23149848000000003,0.25290522,0.0,0.0,0.0
2026-05-10 20:52:35.210,833,1.1946025,0.23149848,0.25290522,0.0,0.0,0.0
2026-05-10 20:52:35.220,834,1.1946025,0.23149848000000003,0.25290522,0.0,0.0,0.0
2026-05-10 20:52:35.230,835,1.1946025,0.23149848000000003,0.25290522,0.0,0.0,0.0
2026-05-10 20:52:35.240,836,1.1946025,0.23149848,0.25290522,0.0,0.0,0.0
2026-05-10 20:52:35.250,837,1.1946025,0.23149848000000003,0.25290522,0.0,0.0,0.0
2026-05-10 20:52:35.260,838,1.193578,0.29490826,0.25290522,0.0,0.0,0.0
2026-05-10 20:52:35.270,839,1.193578,0.29490826,0.25290522,0.0,0.0,0.0
2026-05-10 20:52:35.280,840,1.193578,0.29490826,0.25290522,0.0,0.0,0.0
2026-05-10 20:52:35.290,841,1.17746945,0.33787462999999995,0.26788990999999995,0.0,0.0,0.0
2026-05-10 20:52:35.300,842,1.1613609,0.380841,0.2828746,0.0,0.0,0.0
2026-05-10 20:52:35.310,843,1.1613609,0.380841,0.2828746,0.0,0.0,0.0
2026-05-10 20:52:35.320,844,1.1613609,0.380841,0.2828746,0.0,0.0,0.0
2026-05-10 20:52:35.330,845,1.1613609,0.380841,0.2828746,0.0,0.0,0.0
2026-05-10 20:52:35.340,846,1.1613609,0.380841,0.2828746,0.0,0.0,0.0
2026-05-10 20:52:35.350,847,1.1613609,0.380841,0.2828746,0.0,0.0,0.0
2026-05-10 20:52:35.360,848,1.1613609,0.380841,0.2828746,0.0,0.0,0.0
2026-05-10 20:52:35.370,849,1.1613609,0.380841,0.2828746,0.0,0.0,0.0
2026-05-10 20:52:35.380,850,1.1613609,0.380841,0.2828746,0.0,0.0,0.0
2026-05-10 20:52:35.390,851,1.1613609,0.380841,0.2828746,0.0,0.0,0.0
2026-05-10 20:52:35.400,852,1.1613609,0.380841,0.2828746,0.0,0.0,0.0
2026-05-10 20:52:35.410,853,1.1613609,0.380841,0.2828746,0.0,0.0,0.0
2026-05-10 20:52:35.420,854,1.1613609,0.380841,0.2828746,0.0,0.0,0.0
2026-05-10 20:52:35.430,855,1.1613609,0.380841,0.2828746,0.0,0.0,0.0
2026-05-10 20:52:35.440,856,1.1613609,0.380841,0.2828746,0.0,0.0,0.0
2026-05-10 20:52:35.450,857,1.1613609,0.380841,0.2828746,0.0,0.0,0.0
2026-05-10 20:52:35.460,858,1.1613609,0.380841,0.2828746,0.0,0.0,0.0
2026-05-10 20:52:35.470,859,1.1613609,0.380841,0.2828746,0.0,0.0,0.0
2026-05-10 20:52:35.480,860,1.1613609,0.380841,0.2828746,0.0,0.0,0.0
2026-05-10 20:52:35.490,861,1.1613609,0.380841,0.2828746,0.0,0.0,0.0
2026-05-10 20:52:35.500,862,1.1613609,0.380841,0.2828746,0.0,0.0,0.0
2026-05-10 20:52:35.510,863,1.1613609,0.380841,0.2828746,0.0,0.0,0.0
2026-05-10 20:52:35.520,864,1.1613609,0.380841,0.2828746,0.0,0.0,0.0
2026-05-10 20:52:35.530,865,0.9226962333333333,0.5777115333333334,0.4395820666666666,0.0,0.0,0.0
2026-05-10 20:52:35.540,866,0.8033639,0.6761468,0.5179358,0.0,0.0,0.0
2026-05-10 20:52:35.550,867,0.8033639,0.6761468,0.5179358,0.0,0.0,0.0
2026-05-10 20:52:35.560,868,0.8033639,0.6761468,0.5179358,0.0,0.0,0.0
2026-05-10 20:52:35.570,869,0.8448521666666666,0.6488277466666666,0.49652906666666663,0.0,0.0,0.0
2026-05-10 20:52:35.580,870,0.9278287,0.59418964,0.4537156,0.0,0.0,0.0
2026-05-10 20:52:35.590,871,0.9278287,0.59418964,0.4537156,0.0,0.0,0.0
2026-05-10 20:52:35.600,872,0.9278287,0.59418964,0.4537156,0.0,0.0,0.0
2026-05-10 20:52:35.610,873,0.9278287,0.59418964,0.4537156,0.0,0.0,0.0
2026-05-10 20:52:35.620,874,0.9278287,0.59418964,0.4537156,0.0,0.0,0.0
2026-05-10 20:52:35.630,875,0.9278287,0.59418964,0.4537156,0.0,0.0,0.0
2026-05-10 20:52:35.640,876,0.83115695,0.6328899433333333,0.5017278333333334,0.0,0.0,0.0
2026-05-10 20:52:35.650,877,0.63781345,0.71029055,0.5977523,0.0,0.0,0.0
2026-05-10 20:52:35.660,878,0.63781345,0.71029055,0.5977523,0.0,0.0,0.0
2026-05-10 20:52:35.670,879,0.5726452566666667,0.7234760666666666,0.6196381333333334,0.0,0.0,0.0
2026-05-10 20:52:35.680,880,0.44230887,0.7498470999999999,0.6634098,0.0,0.0,0.0
2026-05-10 20:52:35.690,881,0.44230887,0.7498470999999999,0.6634098,0.0,0.0,0.0
2026-05-10 20:52:35.700,882,0.44230887,0.7498470999999999,0.6634098,0.0,0.0,0.0
2026-05-10 20:52:35.710,883,0.44230887,0.7498470999999999,0.6634098,0.0,0.0,0.0
2026-05-10 20:52:35.720,884,0.44230887,0.7498471,0.6634098,0.0,0.0,0.0
2026-05-10 20:52:35.730,885,0.44230887,0.7498470999999999,0.6634098,0.0,0.0,0.0
2026-05-10 20:52:35.740,886,0.14362386,0.8536237999999999,0.6705352000000001,0.0,0.0,0.0
2026-05-10 20:52:35.750,887,0.14362386,0.8536238,0.6705352,0.0,0.0,0.0
2026-05-10 20:52:35.760,888,0.14362386,0.8536237999999999,0.6705352000000001,0.0,0.0,0.0
2026-05-10 20:52:35.770,889,0.14362386,0.8536237999999999,0.6705352000000001,0.0,0.0,0.0
2026-05-10 20:52:35.780,890,0.14362386,0.8536237999999999,0.6705352000000001,0.0,0.0,0.0
2026-05-10 20:52:35.790,891,0.14362386,0.8536237999999999,0.6705352000000001,0.0,0.0,0.0
2026-05-10 20:52:35.800,892,0.14362386,0.8536237999999999,0.6705352000000001,0.0,0.0,0.0
2026-05-10 20:52:35.810,893,0.14362386,0.8536237999999999,0.6705352000000001,0.0,0.0,0.0
2026-05-10 20:52:35.820,894,0.09775229816666665,0.8746890666666666,0.6494342666666667,0.0,0.0,0.0
2026-05-10 20:52:35.830,895,0.0060091745,0.9168195999999998,0.6072324,0.0,0.0,0.0
2026-05-10 20:52:35.840,896,-0.021792814125,0.931831075,0.586922775,0.0,0.0,0.0
2026-05-10 20:52:35.850,897,-0.13180428333333336,0.9983384333333335,0.4998980766666667,0.0,0.0,0.0
2026-05-10 20:52:35.860,898,-0.21185526333333335,1.0359123,0.3798165233333333,0.0,0.0,0.0
2026-05-10 20:52:35.870,899,-0.22527525,1.0332263,0.3458715700000001,0.0,0.0,0.0
2026-05-10 20:52:35.880,900,-0.22527525,1.0332263,0.3458715700000001,0.0,0.0,0.0
2026-05-10 20:52:35.890,901,-0.22527525,1.0332263,0.3458715700000001,0.0,0.0,0.0
2026-05-10 20:52:35.900,902,-0.22527525,1.0332263,0.3458715700000001,0.0,0.0,0.0
2026-05-10 20:52:35.910,903,-0.22527525,1.0332263,0.3458715700000001,0.0,0.0,0.0
2026-05-10 20:52:35.920,904,-0.22527525,1.0332263,0.3458715700000001,0.0,0.0,0.0
2026-05-10 20:52:35.930,905,-0.22527525,1.0332263,0.3458715700000001,0.0,0.0,0.0
2026-05-10 20:52:35.940,906,-0.22527525,1.0332263,0.34587157,0.0,0.0,0.0
2026-05-10 20:52:35.950,907,-0.22527525,1.0332263,0.3458715700000001,0.0,0.0,0.0
2026-05-10 20:52:35.960,908,-0.22527525,1.0332263,0.3458715700000001,0.0,0.0,0.0
2026-05-10 20:52:35.970,909,-0.22527525,1.0332263,0.3458715700000001,0.0,0.0,0.0
2026-05-10 20:52:35.980,910,-0.22527525,1.0332263,0.3458715700000001,0.0,0.0,0.0
2026-05-10 20:52:35.990,911,-0.23261469,1.00593275,0.33853210749999996,0.0,0.0,0.0
2026-05-10 20:52:36.000,912,-0.23506117,0.9968349,0.33608562,0.0,0.0,0.0
2026-05-10 20:52:36.010,913,-0.23506117,0.9968349,0.33608562,0.0,0.0,0.0
2026-05-10 20:52:36.020,914,-0.23506117,0.9968349,0.33608562,0.0,0.0,0.0
2026-05-10 20:52:36.030,915,-0.23506117,0.9968349,0.33608562,0.0,0.0,0.0
2026-05-10 20:52:36.040,916,-0.23506117,0.9968349,0.33608562,0.0,0.0,0.0
2026-05-10 20:52:36.050,917,-0.23506117,0.9968349,0.33608562,0.0,0.0,0.0
2026-05-10 20:52:36.060,918,-0.23506117,0.9968349,0.33608562,0.0,0.0,0.0
2026-05-10 20:52:36.070,919,-0.23523446,0.9765188866666666,0.3241233333333333,0.0,0.0,0.0
2026-05-10 20:52:36.080,920,0.09377676,0.65545875,0.08542814,0.0,0.0,0.0
2026-05-10 20:52:36.090,921,0.09377676,0.65545875,0.08542814,0.0,0.0,0.0
2026-05-10 20:52:36.100,922,0.09377676,0.65545875,0.08542814,0.0,0.0,0.0
2026-05-10 20:52:36.110,923,0.09377676,0.65545875,0.08542814,0.0,0.0,0.0
2026-05-10 20:52:36.120,924,0.008797146666666663,0.7149898333333334,0.11831804666666668,0.0,0.0,0.0
2026-05-10 20:52:36.130,925,-0.15107033666666667,0.8340520000000001,0.18409785999999997,0.0,0.0,0.0
2026-05-10 20:52:36.140,926,-0.13088685,0.8340520000000001,0.18409785999999997,0.0,0.0,0.0
2026-05-10 20:52:36.150,927,-0.13088685,0.8340520000000001,0.18409785999999997,0.0,0.0,0.0
2026-05-10 20:52:36.160,928,-0.13088685,0.8340520000000001,0.18409785999999997,0.0,0.0,0.0
2026-05-10 20:52:36.170,929,-0.13088685,0.8340520000000001,0.18409785999999997,0.0,0.0,0.0
2026-05-10 20:52:36.180,930,-0.13088685,0.8340520000000001,0.18409785999999997,0.0,0.0,0.0
2026-05-10 20:52:36.190,931,0.35779433250000003,0.54956806,0.030428134750000002,0.0,0.0,0.0
2026-05-10 20:52:36.200,932,0.52068806,0.45474007999999994,-0.020795107,0.0,0.0,0.0
2026-05-10 20:52:36.210,933,0.52068806,0.45474007999999994,-0.020795107,0.0,0.0,0.0
2026-05-10 20:52:36.220,934,0.52068806,0.45474007999999994,-0.020795107,0.0,0.0,0.0
2026-05-10 20:52:36.230,935,0.7524197149999999,0.298237775,-0.0235474015,0.0,0.0,0.0
2026-05-10 20:52:36.240,936,0.8296636,0.24607034000000003,-0.024464833000000002,0.0,0.0,0.0
2026-05-10 20:52:36.250,937,0.8296636,0.24607034000000003,-0.024464833000000002,0.0,0.0,0.0
2026-05-10 20:52:36.260,938,0.8296636,0.24607034000000003,-0.024464833000000002,0.0,0.0,0.0
2026-05-10 20:52:36.270,939,0.8296636,0.24607034000000003,-0.024464833000000002,0.0,0.0,0.0
2026-05-10 20:52:36.280,940,0.8296636,0.24607034000000003,-0.024464833000000002,0.0,0.0,0.0
2026-05-10 20:52:36.290,941,0.8296636,0.24607034000000003,-0.024464833000000002,0.0,0.0,0.0
2026-05-10 20:52:36.300,942,0.8296636,0.24607034000000003,-0.024464833000000002,0.0,0.0,0.0
2026-05-10 20:52:36.310,943,0.8296636,0.24607034000000003,-0.024464833000000002,0.0,0.0,0.0
2026-05-10 20:52:36.320,944,0.8296636,0.24607034,-0.024464833,0.0,0.0,0.0
2026-05-10 20:52:36.330,945,0.8296636,0.24607034,-0.024464833,0.0,0.0,0.0
2026-05-10 20:52:36.340,946,0.8296636,0.24607034,-0.024464833,0.0,0.0,0.0
2026-05-10 20:52:36.350,947,0.8296636,0.24607034000000003,-0.024464833000000002,0.0,0.0,0.0
2026-05-10 20:52:36.360,948,0.8296636,0.24607034000000003,-0.024464833000000002,0.0,0.0,0.0
2026-05-10 20:52:36.370,949,0.8296636,0.24607034000000003,-0.024464833000000002,0.0,0.0,0.0
2026-05-10 20:52:36.380,950,0.8296636,0.24607034000000003,-0.024464833000000002,0.0,0.0,0.0
2026-05-10 20:52:36.390,951,0.858230125,0.2101911325,-0.01131498525,0.0,0.0,0.0
2026-05-10 20:52:36.400,952,0.9439297,0.10255351,0.028134558,0.0,0.0,0.0
2026-05-10 20:52:36.410,953,0.9439297,0.10255351,0.028134558,0.0,0.0,0.0
2026-05-10 20:52:36.420,954,0.9439297,0.10255351,0.028134558,0.0,0.0,0.0
2026-05-10 20:52:36.430,955,0.9442355,0.06500509233333333,0.04033129533333333,0.0,0.0,0.0
2026-05-10 20:52:36.440,956,0.9448471,-0.010091743,0.06472477,0.0,0.0,0.0
2026-05-10 20:52:36.450,957,0.9448471,-0.010091743,0.06472477,0.0,0.0,0.0
2026-05-10 20:52:36.460,958,0.9448471,-0.010091743,0.06472477,0.0,0.0,0.0
2026-05-10 20:52:36.470,959,0.9150841000000001,-0.05968271975,0.0819266075,0.0,0.0,0.0
2026-05-10 20:52:36.480,960,0.8257951,-0.20845565,0.13353212,0.0,0.0,0.0
2026-05-10 20:52:36.490,961,0.8257951,-0.20845565,0.13353212,0.0,0.0,0.0
2026-05-10 20:52:36.500,962,0.8257951,-0.20845565,0.13353212,0.0,0.0,0.0
2026-05-10 20:52:36.510,963,0.8257951,-0.20845565,0.13353212,0.0,0.0,0.0
2026-05-10 20:52:36.520,964,0.7208613666666667,-0.3090010266666667,0.14084608,0.0,0.0,0.0
2026-05-10 20:52:36.530,965,0.6671713,-0.36513764,0.14281346,0.0,0.0,0.0
2026-05-10 20:52:36.540,966,0.6671713,-0.36513764,0.14281346,0.0,0.0,0.0
2026-05-10 20:52:36.550,967,0.6671713,-0.36513764,0.14281346,0.0,0.0,0.0
2026-05-10 20:52:36.560,968,0.6671713,-0.36513764,0.14281346,0.0,0.0,0.0
2026-05-10 20:52:36.570,969,0.6671713,-0.36513764,0.14281346,0.0,0.0,0.0
2026-05-10 20:52:36.580,970,0.6671713,-0.36513764,0.14281346,0.0,0.0,0.0
2026-05-10 20:52:36.590,971,0.6671713,-0.36513764,0.14281346,0.0,0.0,0.0
2026-05-10 20:52:36.600,972,0.6671713,-0.36513764,0.14281346,0.0,0.0,0.0
2026-05-10 20:52:36.610,973,0.6671713,-0.36513764,0.14281346,0.0,0.0,0.0
2026-05-10 20:52:36.620,974,0.38474009000000003,-0.6159021933333334,0.17967890666666667,0.0,0.0,0.0
2026-05-10 20:52:36.630,975,-0.18012233,-1.1174313,0.2534098,0.0,0.0,0.0
2026-05-10 20:52:36.640,976,-0.18012233,-1.1174313,0.2534098,0.0,0.0,0.0
2026-05-10 20:52:36.650,977,-0.18012233,-1.1174313,0.2534098,0.0,0.0,0.0
2026-05-10 20:52:36.660,978,-0.4167482433333333,-1.1123343666666667,0.3941539333333333,0.0,0.0,0.0
2026-05-10 20:52:36.670,979,-0.5350612,-1.1097859,0.464526,0.0,0.0,0.0
2026-05-10 20:52:36.680,980,-0.5350612,-1.1097859,0.464526,0.0,0.0,0.0
2026-05-10 20:52:36.690,981,-0.5350612,-1.1097859,0.464526,0.0,0.0,0.0
2026-05-10 20:52:36.700,982,-0.5350612,-1.1097859,0.464526,0.0,0.0,0.0
2026-05-10 20:52:36.710,983,-0.5350612,-1.1097859,0.464526,0.0,0.0,0.0
2026-05-10 20:52:36.720,984,-0.5350612,-1.1097859,0.464526,0.0,0.0,0.0
2026-05-10 20:52:36.730,985,0.21138119999999996,-0.6622120066666667,0.2513455666666667,0.0,0.0,0.0
2026-05-10 20:52:36.740,986,0.5846024,-0.43842506,0.14475535,0.0,0.0,0.0
2026-05-10 20:52:36.750,987,0.38746178,-0.6040826,0.19235474,0.0,0.0,0.0
2026-05-10 20:52:36.760,988,0.38746178,-0.6040826,0.19235474,0.0,0.0,0.0
2026-05-10 20:52:36.770,989,0.38746178,-0.6040826,0.19235474,0.0,0.0,0.0
2026-05-10 20:52:36.780,990,0.38746178,-0.6040826,0.19235474,0.0,0.0,0.0
2026-05-10 20:52:36.790,991,0.38746178,-0.6040826,0.19235474,0.0,0.0,0.0
2026-05-10 20:52:36.800,992,0.3045145325,-0.664323395,0.216127685,0.0,0.0,0.0
2026-05-10 20:52:36.810,993,0.27686545,-0.68440366,0.224052,0.0,0.0,0.0
2026-05-10 20:52:36.820,994,0.27686545,-0.68440366,0.224052,0.0,0.0,0.0
2026-05-10 20:52:36.830,995,0.27686545,-0.68440366,0.224052,0.0,0.0,0.0
2026-05-10 20:52:36.840,996,0.27686545,-0.68440366,0.224052,0.0,0.0,0.0
2026-05-10 20:52:36.850,997,0.27686545,-0.68440366,0.224052,0.0,0.0,0.0
2026-05-10 20:52:36.860,998,0.27686545,-0.68440366,0.224052,0.0,0.0,0.0
2026-05-10 20:52:36.870,999,0.27686545,-0.68440366,0.224052,0.0,0.0,0.0
2026-05-10 20:52:36.880,1000,0.2227013316666667,-0.6970081533333333,0.22504078000000002,0.0,0.0,0.0
